alt           press         den           temp          eddy          H2Oaer        CO2aer        S8aer         H2SO4aer      NH3aer        N2Oaer        C2H2aer       C2H4aer       C2H6aer       CH3CNaer      HCCCNaer      HCNaer        CH4aer        HCaer1        HCaer2        HCaer3        He            H             H2            H2O           OH            O             O2            CO            CO2           HCO           H2CO          C             CH            CH2           CH3           CH4           S             S2            S3            S4            S8            H2S           HS            SO            SO2           CS            CS2           OCS           CN            HCN           N             N2            NH            NH2           NH3           C2            C2H           C2H2          C2H4          NO            HNO           HO2           HNCO          N2O           H2O2          O3            NO2           NO3           SO3           HNO2          HNO3          H2SO4         HCl           Cl            Cl2           HOCl          N2H4          ClO           C2H6          CH3OH         CH2CO         CH3CHO        C3H4          C3H6          C4H2          C4H4          OClO          HCS           C2H3          C2H5          NCO           1CH2          HCCO          NNH           HSO           CH3O          H2COH         H2CN          N2H2          C4H           HCNOH         C2H2OH        CH3CO         CH2CHO        C2H3OH        C2H4OH        CH3O2         HSO3          O1D           N2H3          NH2CO         HS4           C4H3          CH2N2         N2D           CH2CN         CH3CN         HCCCN         H2Oaer_r      CO2aer_r      S8aer_r       H2SO4aer_r    NH3aer_r      N2Oaer_r      C2H2aer_r     C2H4aer_r     C2H6aer_r     CH3CNaer_r    HCCCNaer_r    HCNaer_r      CH4aer_r      HCaer1_r      HCaer2_r      HCaer3_r      
5.00000E-001  1.01560E+000  2.47060E+019  2.97740E+002  1.00000E+005  8.88563E-004  1.00000E-040  1.00000E-040  2.64822E-021  1.00000E-040  1.00000E-040  1.00000E-040  1.00000E-040  1.00000E-040  1.00000E-040  1.00000E-040  1.00000E-040  1.00000E-040  1.00000E-040  7.42086E-023  1.00000E-040  1.00000E-040  3.01966E-021  1.66326E-006  1.21336E-002  1.84404E-014  7.21514E-017  2.09462E-001  2.41012E-007  3.98975E-004  1.77054E-022  3.64829E-010  1.00000E-040  1.00000E-040  1.65450E-033  5.70664E-020  2.02095E-006  7.61773E-029  1.00000E-040  1.00000E-040  1.00000E-040  2.53690E-038  1.42777E-011  1.16323E-017  4.11558E-019  3.02124E-010  1.00000E-040  1.00000E-040  5.71980E-010  1.03703E-034  5.18842E-011  1.84732E-032  7.78001E-001  5.07164E-024  7.89475E-017  6.04968E-011  7.63517E-038  1.00000E-040  3.61307E-028  8.82898E-024  1.25764E-014  2.35602E-017  2.01323E-011  6.56447E-015  1.72169E-007  3.64439E-009  2.93559E-008  5.06152E-012  1.32540E-013  1.17511E-018  1.56256E-014  5.31257E-012  4.01734E-011  1.93879E-010  2.29437E-017  3.82713E-022  1.38834E-016  1.45338E-018  3.99399E-010  3.10661E-022  3.20962E-016  1.39693E-024  7.50910E-025  1.43849E-040  1.76846E-036  2.74962E-024  1.00000E-040  7.22944E-015  1.00000E-040  1.93604E-039  1.85196E-024  1.47283E-016  5.63536E-035  1.00000E-040  3.77602E-029  7.20817E-018  1.48730E-018  1.45108E-014  2.41429E-024  1.58229E-016  1.00000E-040  6.62937E-020  1.00000E-040  5.76806E-025  1.00000E-040  1.16565E-022  8.76470E-025  6.20910E-009  7.17484E-023  1.29227E-022  6.46384E-019  4.47792E-017  2.05360E-030  1.00000E-040  1.43611E-023  1.00000E-040  3.39860E-021  3.81867E-011  5.95187E-033  1.00000E-003  1.00000E-005  1.00000E-005  1.00000E-004  1.00000E-005  1.00000E-005  1.00000E-005  1.00000E-005  1.00000E-005  1.00000E-005  1.00000E-005  1.00000E-005  1.00000E-005  1.00000E-005  1.00000E-005  1.00000E-005  
1.50000E+000  9.03016E-001  2.24283E+019  2.91619E+002  1.00000E+005  1.14206E-003  1.00000E-040  1.00000E-040  5.54687E-020  1.00000E-040  1.00000E-040  1.00000E-040  1.00000E-040  1.00000E-040  1.00000E-040  1.00000E-040  1.00000E-040  1.00000E-040  1.00000E-040  5.30972E-023  1.00000E-040  1.00000E-040  3.28455E-021  1.66667E-006  9.91168E-003  2.18916E-014  8.38622E-017  2.09933E-001  2.33511E-007  3.99883E-004  8.56380E-023  1.45222E-010  1.00000E-040  1.00000E-040  1.98667E-033  6.05378E-020  2.02202E-006  7.68092E-029  1.00000E-040  1.00000E-040  1.00000E-040  2.54260E-038  9.26814E-012  9.25114E-018  4.10337E-019  2.50887E-010  1.00000E-040  1.00000E-040  5.72827E-010  7.73973E-035  5.18867E-011  3.87188E-032  7.79751E-001  7.15580E-024  8.61384E-017  6.04560E-011  8.28489E-035  1.00000E-040  3.53891E-028  8.65111E-024  2.75111E-015  3.09139E-017  1.67604E-011  7.08730E-015  1.72532E-007  3.19806E-009  2.90312E-008  1.08604E-012  3.05701E-014  7.99355E-019  1.30159E-014  7.47141E-012  4.53831E-011  1.87495E-010  2.21463E-017  2.21735E-022  9.91134E-017  1.43449E-018  4.06988E-010  3.14572E-022  2.99382E-016  1.56476E-024  8.42470E-025  1.44159E-040  1.72483E-036  2.76584E-024  1.00000E-040  5.20108E-015  1.00000E-040  2.12363E-039  1.78585E-024  5.95199E-016  6.36867E-035  9.37301E-034  5.44093E-029  7.70939E-018  4.78533E-019  1.52503E-014  2.07305E-024  1.58889E-016  1.00000E-040  1.18979E-019  1.00000E-040  7.74144E-025  1.00000E-040  1.16827E-022  1.07160E-024  6.98687E-009  7.29281E-023  1.62919E-022  6.54943E-019  4.60522E-017  2.61114E-030  1.00000E-040  1.35322E-023  1.00000E-040  3.31632E-021  3.80259E-011  5.97028E-033  1.00000E-003  1.00000E-005  1.00000E-005  1.00000E-004  1.00000E-005  1.00000E-005  1.00000E-005  1.00000E-005  1.00000E-005  1.00000E-005  1.00000E-005  1.00000E-005  1.00000E-005  1.00000E-005  1.00000E-005  1.00000E-005  
2.50000E+000  8.01154E-001  2.02982E+019  2.85874E+002  1.00000E+005  1.07297E-003  1.00000E-040  1.00000E-040  1.16466E-018  1.00000E-040  1.00000E-040  1.00000E-040  1.00000E-040  1.00000E-040  1.00000E-040  1.00000E-040  1.00000E-040  1.00000E-040  1.00000E-040  3.81012E-023  1.00000E-040  1.00000E-040  3.65074E-021  1.66973E-006  7.92369E-003  2.50664E-014  1.00470E-016  2.10355E-001  2.26015E-007  4.00696E-004  4.56264E-023  6.50667E-011  1.00000E-040  1.00000E-040  2.24652E-033  6.26110E-020  2.02299E-006  7.13457E-029  1.00000E-040  8.24819E-036  8.76864E-035  2.54770E-038  5.98105E-012  6.91638E-018  3.91697E-019  2.06980E-010  1.00000E-040  1.00000E-040  5.73547E-010  5.63626E-035  5.18914E-011  7.00040E-032  7.81317E-001  9.06377E-024  9.26059E-017  6.04198E-011  6.18599E-032  1.00000E-040  3.40145E-028  8.37942E-024  9.52382E-016  3.87918E-017  1.58359E-011  6.98492E-015  1.72852E-007  2.86374E-009  2.93368E-008  3.49828E-013  9.54898E-015  5.18567E-019  1.25289E-014  7.67861E-012  4.68623E-011  1.76890E-010  2.12995E-017  1.25109E-022  6.79110E-017  1.42237E-018  4.18692E-010  3.22018E-022  2.70843E-016  1.89373E-024  9.70879E-025  1.44426E-040  1.65081E-036  2.76899E-024  1.00000E-040  3.86217E-015  1.00000E-040  2.22805E-039  1.71537E-024  1.57791E-015  6.78727E-035  1.43309E-035  7.55360E-029  7.88139E-018  2.88099E-019  1.65896E-014  1.78173E-024  1.59812E-016  1.00000E-040  2.02703E-019  1.00000E-040  1.00020E-024  1.00000E-040  1.17062E-022  1.32932E-024  7.52582E-009  7.09060E-023  2.05498E-022  6.69370E-019  4.73028E-017  3.95863E-030  1.00000E-040  1.20149E-023  1.00000E-040  3.16865E-021  3.78868E-011  5.98317E-033  1.00000E-003  1.00000E-005  1.00000E-005  1.00000E-004  1.00000E-005  1.00000E-005  1.00000E-005  1.00000E-005  1.00000E-005  1.00000E-005  1.00000E-005  1.00000E-005  1.00000E-005  1.00000E-005  1.00000E-005  1.00000E-005  
3.50000E+000  7.09358E-001  1.83130E+019  2.80558E+002  1.00000E+005  9.25368E-004  1.00000E-040  1.00000E-040  2.44309E-017  1.00000E-040  1.00000E-040  1.00000E-040  1.00000E-040  1.00000E-040  1.00000E-040  1.00000E-040  1.00000E-040  1.00000E-040  1.00000E-040  3.24903E-023  1.00000E-040  1.00000E-040  4.24243E-021  1.67243E-006  6.27192E-003  2.89324E-014  1.24833E-016  2.10705E-001  2.18794E-007  4.01373E-004  3.81418E-023  4.59167E-011  1.00000E-040  1.00000E-040  2.61863E-033  6.61178E-020  2.02361E-006  6.38236E-029  1.00000E-040  1.53664E-035  1.53563E-034  2.55194E-038  3.83264E-012  5.05002E-018  3.72598E-019  1.69723E-010  1.00000E-040  1.00000E-040  5.74078E-010  4.21377E-035  5.18913E-011  1.06695E-031  7.82618E-001  9.71324E-024  1.02722E-016  6.03751E-011  3.18616E-029  1.40359E-040  3.22187E-028  8.08733E-024  7.16817E-016  4.63194E-017  1.59786E-011  5.90141E-015  1.73110E-007  2.73469E-009  3.05008E-008  2.32898E-013  6.11472E-015  3.40203E-019  1.54508E-014  8.69840E-012  4.68806E-011  1.63682E-010  2.03559E-017  7.22516E-023  4.76059E-017  1.44941E-018  4.32830E-010  3.33354E-022  2.40859E-016  2.40302E-024  1.09082E-024  1.44638E-040  1.55826E-036  2.77101E-024  1.00000E-040  2.93845E-015  1.00000E-040  2.35719E-039  1.66037E-024  2.72956E-015  7.47315E-035  5.44214E-033  1.05232E-028  8.00757E-018  3.09308E-019  1.83212E-014  1.58050E-024  1.60958E-016  1.00000E-040  3.40078E-019  1.00000E-040  1.29731E-024  1.00000E-040  1.17256E-022  1.55787E-024  7.66223E-009  6.89117E-023  2.62498E-022  6.97737E-019  4.82732E-017  6.56337E-030  1.00000E-040  1.08781E-023  1.00000E-040  2.97331E-021  3.77602E-011  5.99407E-033  1.00000E-003  1.00000E-005  1.00000E-005  1.00000E-004  1.00000E-005  1.00000E-005  1.00000E-005  1.00000E-005  1.00000E-005  1.00000E-005  1.00000E-005  1.00000E-005  1.00000E-005  1.00000E-005  1.00000E-005  1.00000E-005  
4.50000E+000  6.26760E-001  1.64985E+019  2.75152E+002  1.00000E+005  8.22124E-004  1.00000E-040  1.00000E-040  4.50338E-016  1.00000E-040  1.00000E-040  1.00000E-040  1.00000E-040  1.00000E-040  1.00000E-040  1.00000E-040  1.00000E-040  1.00000E-040  1.00000E-040  3.00786E-023  1.00000E-040  1.00000E-040  5.03350E-021  1.67493E-006  4.86390E-003  3.36596E-014  1.59499E-016  2.11003E-001  2.11979E-007  4.01952E-004  4.49022E-023  4.58083E-011  1.00000E-040  1.00000E-040  3.07194E-033  6.98730E-020  2.02405E-006  5.53259E-029  1.00000E-040  2.58576E-035  2.63480E-034  2.55555E-038  2.43817E-012  3.61417E-018  3.61952E-019  1.38475E-010  1.00000E-040  1.00000E-040  5.74471E-010  3.10177E-035  5.18888E-011  1.47169E-031  7.83727E-001  9.14495E-024  1.15896E-016  6.03147E-011  1.03578E-031  1.00000E-040  3.01604E-028  7.80660E-024  9.63373E-016  5.40957E-017  1.65214E-011  4.41001E-015  1.73322E-007  2.71389E-009  3.26065E-008  2.64250E-013  6.47378E-015  2.13374E-019  2.34472E-014  1.08214E-011  4.57999E-011  1.49130E-010  1.90534E-017  4.14951E-023  3.39372E-017  1.50505E-018  4.48186E-010  3.49098E-022  2.11933E-016  3.14274E-024  1.17523E-024  1.44809E-040  1.45473E-036  2.77259E-024  1.00000E-040  2.23961E-015  1.00000E-040  2.51144E-039  1.61559E-024  3.31578E-015  8.25441E-035  1.00000E-040  1.49624E-028  8.33915E-018  4.23182E-019  2.04766E-014  1.41041E-024  1.62275E-016  1.00000E-040  5.88437E-019  1.00000E-040  1.71499E-024  1.50239E-027  1.17423E-022  1.71539E-024  7.38886E-009  6.72798E-023  3.40099E-022  7.38938E-019  4.89546E-017  1.13139E-029  1.00000E-040  9.86771E-024  1.00000E-040  2.74291E-021  3.76435E-011  5.98790E-033  1.00000E-003  1.00000E-005  1.00000E-005  1.00000E-004  1.00000E-005  1.00000E-005  1.00000E-005  1.00000E-005  1.00000E-005  1.00000E-005  1.00000E-005  1.00000E-005  1.00000E-005  1.00000E-005  1.00000E-005  1.00000E-005  
5.50000E+000  5.52487E-001  1.48446E+019  2.69570E+002  1.00000E+005  7.60347E-004  1.00000E-040  1.00000E-040  6.81023E-015  1.00000E-040  1.00000E-040  1.00000E-040  1.00000E-040  1.00000E-040  1.00000E-040  1.00000E-040  1.00000E-040  1.00000E-040  1.00000E-040  2.31672E-023  1.00000E-040  1.00034E-040  5.94819E-021  1.67738E-006  3.61190E-003  3.87362E-014  2.08517E-016  2.11269E-001  2.05652E-007  4.02466E-004  5.96924E-023  5.20492E-011  1.00000E-040  1.00000E-040  3.47681E-033  7.22440E-020  2.02445E-006  4.61692E-029  1.00000E-040  4.45077E-035  4.60134E-034  2.55876E-038  1.54452E-012  2.51270E-018  3.56222E-019  1.12666E-010  1.00000E-040  1.00000E-040  5.74775E-010  2.18537E-035  5.18869E-011  1.97855E-031  7.84713E-001  8.37026E-024  1.29701E-016  6.02359E-011  7.59380E-034  1.00000E-040  2.79770E-028  7.55328E-024  1.61819E-015  6.30267E-017  1.71302E-011  3.21545E-015  1.73503E-007  2.70879E-009  3.57006E-008  3.56898E-013  8.03897E-015  1.26642E-019  4.00030E-014  1.38800E-011  4.29971E-011  1.34327E-010  1.72837E-017  2.29555E-023  2.40257E-017  1.56091E-018  4.63710E-010  3.69885E-022  1.85496E-016  4.18558E-024  1.21137E-024  1.44952E-040  1.34591E-036  2.77348E-024  1.00000E-040  1.69679E-015  1.00000E-040  2.64793E-039  1.58260E-024  3.11170E-015  8.75680E-035  2.26366E-037  2.13852E-028  8.84380E-018  6.22314E-019  2.33045E-014  1.23654E-024  1.63661E-016  1.00000E-040  1.04109E-018  1.00000E-040  2.27746E-024  5.66598E-028  1.17570E-022  1.79643E-024  6.74020E-009  6.49562E-023  4.46527E-022  7.83123E-019  4.94017E-017  1.98399E-029  1.00000E-040  8.61268E-024  1.00000E-040  2.48919E-021  3.75376E-011  6.00357E-033  1.00000E-003  1.00000E-005  1.00000E-005  1.00000E-004  1.00000E-005  1.00000E-005  1.00000E-005  1.00000E-005  1.00000E-005  1.00000E-005  1.00000E-005  1.00000E-005  1.00000E-005  1.00000E-005  1.00000E-005  1.00000E-005  
6.50000E+000  4.85788E-001  1.33448E+019  2.63665E+002  1.00000E+005  6.74459E-004  1.00000E-040  1.00000E-040  9.67311E-014  1.00000E-040  1.00000E-040  1.00000E-040  1.00000E-040  1.00000E-040  1.00000E-040  1.00000E-040  1.00000E-040  1.00000E-040  1.00000E-040  1.69107E-023  1.00000E-040  1.00142E-040  6.98342E-021  1.67968E-006  2.54144E-003  4.40938E-014  2.76656E-016  2.11496E-001  1.99831E-007  4.02908E-004  8.21740E-023  6.17111E-011  1.00000E-040  1.03222E-040  3.76221E-033  7.25517E-020  2.02475E-006  3.76045E-029  1.00000E-040  7.43701E-033  7.82475E-032  2.56150E-038  9.77629E-013  1.71777E-018  3.60541E-019  9.16516E-011  1.00000E-040  1.00000E-040  5.74973E-010  1.44926E-035  5.18842E-011  2.84794E-031  7.85556E-001  8.07803E-024  1.42745E-016  6.01350E-011  3.78759E-036  1.00000E-040  2.57891E-028  7.32606E-024  2.99688E-015  7.38948E-017  1.77524E-011  2.47309E-015  1.73648E-007  2.71878E-009  3.97938E-008  5.03283E-013  1.03525E-014  6.99938E-020  7.20267E-014  1.80144E-011  3.89214E-011  1.20116E-010  1.51706E-017  1.20749E-023  1.67582E-017  1.59034E-018  4.78541E-010  3.96388E-022  1.62209E-016  5.66371E-024  1.20943E-024  1.45065E-040  1.23624E-036  2.77385E-024  1.00000E-040  1.26880E-015  1.00000E-040  2.75891E-039  1.55582E-024  2.49221E-015  8.82220E-035  1.31026E-037  3.09234E-028  9.72085E-018  9.43229E-019  2.69133E-014  1.05515E-024  1.64962E-016  1.00000E-040  1.91736E-018  1.00000E-040  3.05830E-024  2.15262E-028  1.17697E-022  1.82278E-024  5.78068E-009  6.22756E-023  5.91222E-022  8.18551E-019  4.96777E-017  3.50024E-029  1.00000E-040  7.14958E-024  1.00000E-040  2.22447E-021  3.74409E-011  6.02211E-033  1.00000E-003  1.00000E-005  1.00000E-005  1.00000E-004  1.00000E-005  1.00000E-005  1.00000E-005  1.00000E-005  1.00000E-005  1.00000E-005  1.00000E-005  1.00000E-005  1.00000E-005  1.00000E-005  1.00000E-005  1.00000E-005  
7.50000E+000  4.25963E-001  1.19860E+019  2.57403E+002  1.00000E+005  5.53299E-004  1.00000E-040  1.00000E-040  1.30474E-012  1.00000E-040  1.00000E-040  1.00000E-040  1.00000E-040  1.00000E-040  1.00000E-040  1.00000E-040  1.00000E-040  1.00000E-040  1.00000E-040  1.31397E-023  1.00000E-040  1.00227E-040  8.21693E-021  1.68170E-006  1.69351E-003  5.00601E-014  3.69894E-016  2.11675E-001  1.94503E-007  4.03258E-004  1.14790E-022  7.45590E-011  1.00000E-040  1.00000E-040  3.94136E-033  7.11391E-020  2.02483E-006  3.05910E-029  1.00000E-040  7.59051E-033  8.06771E-032  2.56367E-038  6.21133E-013  1.17988E-018  3.82621E-019  7.48030E-011  1.00000E-040  1.00000E-040  5.75037E-010  9.04409E-036  5.18783E-011  4.49083E-031  7.86224E-001  8.29622E-024  1.54744E-016  6.00078E-011  1.91137E-038  1.00000E-040  2.36889E-028  7.12305E-024  5.97206E-015  8.73662E-017  1.84507E-011  2.02051E-015  1.73750E-007  2.76010E-009  4.48553E-008  7.14548E-013  1.33147E-014  3.54182E-020  1.32766E-013  2.35174E-011  3.38910E-011  1.07113E-010  1.29923E-017  6.08921E-024  1.15874E-017  1.57599E-018  4.92039E-010  4.29352E-022  1.42281E-016  7.77765E-024  1.18905E-024  1.45140E-040  1.12957E-036  2.77353E-024  1.00000E-040  9.36625E-016  1.00000E-040  2.86329E-039  1.53208E-024  1.85069E-015  8.53724E-035  1.20845E-037  4.57660E-028  1.13085E-017  1.46063E-018  3.12138E-014  8.76144E-025  1.66021E-016  1.00000E-040  3.73925E-018  1.00000E-040  4.20318E-024  8.46853E-029  1.17797E-022  1.81938E-024  4.60493E-009  6.00380E-023  7.85031E-022  8.35519E-019  4.98383E-017  6.17165E-029  1.00000E-040  5.69281E-024  1.00000E-040  1.96188E-021  3.73515E-011  6.03300E-033  1.00000E-003  1.00000E-005  1.00000E-005  1.00000E-004  1.00000E-005  1.00000E-005  1.00000E-005  1.00000E-005  1.00000E-005  1.00000E-005  1.00000E-005  1.00000E-005  1.00000E-005  1.00000E-005  1.00000E-005  1.00000E-005  
8.50000E+000  3.72330E-001  1.07640E+019  2.50537E+002  1.00000E+005  4.22676E-004  1.00000E-040  1.00000E-040  1.52045E-011  1.00000E-040  1.00000E-040  1.00000E-040  1.00000E-040  1.00000E-040  1.00000E-040  1.00000E-040  1.00000E-040  1.00000E-040  1.00000E-040  9.67388E-024  1.00000E-040  1.00290E-040  9.72048E-021  1.68336E-006  1.06430E-003  5.69697E-014  4.93302E-016  2.11809E-001  1.89643E-007  4.03520E-004  1.61661E-022  9.10680E-011  1.00000E-040  1.00000E-040  3.97168E-033  6.75384E-020  2.02465E-006  2.54063E-029  1.00000E-040  1.00000E-040  1.00000E-040  2.56528E-038  4.00540E-013  8.31943E-019  4.39520E-019  6.15986E-011  1.00000E-040  1.00000E-040  5.74966E-010  5.16972E-036  5.18687E-011  7.71309E-031  7.86719E-001  8.83139E-024  1.63849E-016  5.98522E-011  8.32234E-040  1.00000E-040  2.17712E-028  6.95086E-024  1.28437E-014  1.04124E-016  1.92321E-011  1.70093E-015  1.73809E-007  2.82801E-009  5.08075E-008  1.00665E-012  1.67318E-014  1.50363E-020  2.47409E-013  3.05867E-011  2.73920E-011  9.57542E-011  1.09486E-017  2.96333E-024  8.00594E-018  1.50248E-018  5.03767E-010  4.69632E-022  1.25730E-016  1.07784E-023  1.16749E-024  1.45179E-040  1.02939E-036  2.77250E-024  1.00000E-040  6.81290E-016  1.00000E-040  2.97101E-039  1.50814E-024  1.33638E-015  7.85020E-035  2.31184E-037  7.06554E-028  1.44529E-017  2.31269E-018  3.59874E-014  7.05979E-025  1.66723E-016  1.00000E-040  8.03408E-018  1.00000E-040  6.01635E-024  3.65100E-029  1.17871E-022  1.80760E-024  3.33933E-009  5.90070E-023  1.03871E-021  8.27559E-019  4.99261E-017  1.08348E-028  1.00000E-040  4.31684E-024  1.00000E-040  1.71470E-021  3.72686E-011  6.04254E-033  1.00000E-003  1.00000E-005  1.00000E-005  1.00000E-004  1.00000E-005  1.00000E-005  1.00000E-005  1.00000E-005  1.00000E-005  1.00000E-005  1.00000E-005  1.00000E-005  1.00000E-005  1.00000E-005  1.00000E-005  1.00000E-005  
9.50000E+000  3.24256E-001  9.66309E+018  2.43046E+002  8.94427E+004  2.77460E-004  1.00000E-040  1.00000E-040  1.47999E-010  1.00000E-040  1.00000E-040  1.00000E-040  1.00000E-040  1.00000E-040  1.00000E-040  1.00000E-040  1.00000E-040  1.00000E-040  1.00000E-040  1.32948E-023  1.00000E-040  1.00333E-040  1.16503E-020  1.68462E-006  6.39186E-004  6.54460E-014  6.56836E-016  2.11899E-001  1.84953E-007  4.03699E-004  2.31220E-022  1.12992E-010  1.00000E-040  1.00000E-040  3.87978E-033  6.22250E-020  2.02414E-006  2.16707E-029  1.00000E-040  1.00000E-040  1.00000E-040  2.56636E-038  2.62561E-013  6.05173E-019  5.53750E-019  5.10995E-011  1.00000E-040  1.00000E-040  5.74736E-010  2.68643E-036  5.18538E-011  1.43892E-030  7.87054E-001  9.57701E-024  1.70007E-016  5.96550E-011  1.00000E-040  1.00000E-040  2.00220E-028  6.83594E-024  3.18551E-014  1.26245E-016  2.01670E-011  1.44624E-015  1.73823E-007  2.91197E-009  5.78989E-008  1.42464E-012  2.06957E-014  4.60969E-021  4.76194E-013  3.99485E-011  1.81342E-011  8.58119E-011  9.17022E-018  1.42944E-024  5.66052E-018  1.38374E-018  5.13961E-010  5.20965E-022  1.11775E-016  1.50063E-023  1.15898E-024  1.45178E-040  9.33794E-037  2.77078E-024  1.00000E-040  4.96911E-016  1.00000E-040  3.11575E-039  1.49104E-024  9.43885E-016  6.89864E-035  1.13433E-033  1.15427E-027  2.06316E-017  3.80156E-018  4.11827E-014  5.53456E-025  1.67026E-016  1.00000E-040  1.94337E-017  1.00000E-040  9.06461E-024  1.83476E-029  1.17921E-022  1.80479E-024  2.08118E-009  5.95166E-023  1.37247E-021  7.99492E-019  4.99721E-017  1.93624E-028  1.00000E-040  3.13196E-024  1.00000E-040  1.48333E-021  3.71865E-011  6.05707E-033  1.00000E-003  1.00000E-005  1.00000E-005  1.00000E-004  1.00000E-005  1.00000E-005  1.00000E-005  1.00000E-005  1.00000E-005  1.00000E-005  1.00000E-005  1.00000E-005  1.00000E-005  1.00000E-005  1.00000E-005  1.00000E-005  
1.05000E+001  2.81196E-001  8.65837E+018  2.35228E+002  4.89898E+004  1.28116E-004  1.00000E-040  1.00000E-040  7.39319E-010  1.00000E-040  1.00000E-040  1.00000E-040  1.00000E-040  1.00000E-040  1.00000E-040  1.00000E-040  1.00000E-040  1.00000E-040  1.00000E-040  1.38148E-021  1.00000E-040  1.00360E-040  1.41979E-020  1.68548E-006  3.70931E-004  7.61374E-014  9.10848E-016  2.11956E-001  1.78785E-007  4.03816E-004  3.42973E-022  1.45075E-010  1.00000E-040  1.00000E-040  3.74139E-033  5.63903E-020  2.02289E-006  1.72708E-029  1.00000E-040  1.00000E-040  1.00000E-040  2.56703E-038  1.59305E-013  4.11698E-019  7.11707E-019  4.06981E-011  1.00000E-040  1.00000E-040  5.74182E-010  1.29719E-036  5.18246E-011  2.85912E-030  7.87265E-001  1.04128E-023  1.78833E-016  5.93229E-011  1.00000E-040  1.00000E-040  1.80666E-028  6.86428E-024  1.47523E-013  1.65988E-016  2.14333E-011  1.22270E-015  1.73775E-007  2.96886E-009  6.88686E-008  2.23477E-012  2.64776E-014  1.22113E-021  1.10088E-012  5.62196E-011  1.05770E-011  7.48955E-011  7.36841E-018  6.91576E-025  4.28891E-018  1.26302E-018  5.25038E-010  6.08549E-022  9.68789E-017  2.17373E-023  1.18227E-024  1.45119E-040  8.16695E-037  2.76677E-024  1.00000E-040  3.85984E-016  1.00000E-040  3.36598E-039  1.52220E-024  5.86090E-016  5.91442E-035  1.00000E-040  1.98627E-027  3.05585E-017  6.84330E-018  4.85227E-014  4.09055E-025  1.66827E-016  1.00000E-040  5.19105E-017  1.00000E-040  1.41110E-023  1.04212E-029  1.17952E-022  1.83458E-024  7.34319E-010  5.87709E-023  1.88438E-021  7.64181E-019  4.99972E-017  4.04680E-028  1.00000E-040  2.19010E-024  1.00000E-040  1.21367E-021  3.70753E-011  6.07291E-033  1.00000E-003  1.00000E-005  1.00000E-005  1.00000E-004  1.00000E-005  1.00000E-005  1.00000E-005  1.00000E-005  1.00000E-005  1.00000E-005  1.00000E-005  1.00000E-005  1.00000E-005  1.00000E-005  1.00000E-005  1.00000E-005  
1.15000E+001  2.42684E-001  7.74259E+018  2.27024E+002  2.25832E+004  4.08712E-005  1.00000E-040  1.00000E-040  3.24329E-010  1.00000E-040  1.00000E-040  1.00000E-040  1.00000E-040  1.00000E-040  1.00000E-040  1.00000E-040  1.00000E-040  1.00000E-040  1.00000E-040  5.77283E-022  1.00000E-040  1.00379E-040  1.53244E-020  1.68530E-006  1.95253E-004  8.87343E-014  1.40350E-015  2.11993E-001  1.67196E-007  4.03902E-004  1.87306E-022  6.86003E-011  1.00000E-040  1.00000E-040  3.45458E-033  4.93846E-020  2.01990E-006  1.12947E-029  1.00000E-040  6.03405E-033  6.69040E-032  2.56744E-038  7.49695E-014  2.24725E-019  8.59744E-019  2.83012E-011  1.00000E-040  1.00000E-040  5.72790E-010  5.64434E-037  5.17639E-011  5.98805E-030  7.87404E-001  1.11621E-023  1.93644E-016  5.85668E-011  1.00000E-040  1.00000E-040  1.54386E-028  7.43427E-024  2.38054E-012  2.61039E-016  1.71379E-011  1.00767E-015  1.73593E-007  2.32186E-009  9.13073E-008  3.45210E-012  1.95933E-014  4.83878E-022  3.60644E-012  8.98116E-011  7.29758E-012  6.00026E-011  5.06430E-018  3.29391E-025  3.81178E-018  1.18237E-018  5.40035E-010  8.16138E-022  7.67229E-017  3.24232E-023  1.29912E-024  1.44926E-040  6.32890E-037  2.75730E-024  1.00000E-040  3.51574E-016  1.00000E-040  3.91183E-039  1.72710E-024  2.65410E-016  4.78512E-035  3.36662E-037  3.57859E-027  4.35970E-017  3.98341E-018  6.36211E-014  2.49708E-025  1.65271E-016  1.00000E-040  1.54554E-016  1.00000E-040  2.14545E-023  6.61135E-030  1.17973E-022  1.98770E-024  2.22476E-011  5.11917E-023  2.87442E-021  7.41376E-019  5.00076E-017  1.17875E-027  1.00000E-040  1.42623E-024  1.00000E-040  8.29855E-022  3.68726E-011  6.10419E-033  1.00000E-003  1.00000E-005  1.00000E-005  1.00000E-004  1.00000E-005  1.00000E-005  1.00000E-005  1.00000E-005  1.00000E-005  1.00000E-005  1.00000E-005  1.00000E-005  1.00000E-005  1.00000E-005  1.00000E-005  1.00000E-005  
1.25000E+001  2.08310E-001  6.90694E+018  2.18445E+002  1.16619E+004  1.16121E-005  1.00000E-040  1.00000E-040  1.49090E-010  1.00000E-040  1.00000E-040  1.00000E-040  1.00000E-040  1.00000E-040  1.00000E-040  1.00000E-040  1.00000E-040  1.00000E-040  1.00000E-040  2.37593E-022  1.00000E-040  1.00391E-040  1.40339E-020  1.68317E-006  8.94316E-005  9.02676E-014  2.48446E-015  2.12015E-001  1.47951E-007  4.03970E-004  5.64742E-023  1.85562E-011  1.00000E-040  1.00000E-040  2.31002E-033  3.63262E-020  2.01346E-006  7.25890E-030  1.00000E-040  6.33250E-033  7.07141E-032  2.56762E-038  2.58162E-014  8.99804E-020  9.14593E-019  1.62330E-011  1.00000E-040  1.00000E-040  5.69571E-010  1.89894E-037  5.16548E-011  1.05672E-029  7.87487E-001  1.04264E-023  1.87387E-016  5.68736E-011  1.00000E-040  1.00000E-040  1.25045E-028  9.23769E-024  7.09792E-012  3.42213E-016  1.15403E-011  7.13735E-016  1.73125E-007  1.26633E-009  1.39411E-007  7.14971E-012  1.69321E-014  3.02505E-022  9.88946E-012  1.65625E-010  5.48758E-012  4.23975E-011  2.45681E-018  1.29209E-025  3.86531E-018  1.03337E-018  5.57700E-010  1.32558E-021  5.37564E-017  3.88806E-023  1.55065E-024  1.44443E-040  3.78431E-037  2.73483E-024  1.00000E-040  4.14113E-016  1.00000E-040  4.53347E-039  2.25511E-024  9.52436E-017  2.75736E-035  9.76409E-037  5.82471E-027  5.72182E-017  1.43645E-018  1.05470E-013  1.20561E-025  1.59492E-016  1.00000E-040  4.55457E-016  1.00000E-040  2.45322E-023  4.53594E-030  1.17985E-022  2.40150E-024  2.12832E-012  3.24083E-023  5.04313E-021  6.75259E-019  4.99968E-017  4.71359E-027  1.00000E-040  6.57894E-025  1.00000E-040  3.89022E-022  3.65049E-011  6.17241E-033  1.00000E-003  1.00000E-005  1.00000E-005  1.00000E-004  1.00000E-005  1.00000E-005  1.00000E-005  1.00000E-005  1.00000E-005  1.00000E-005  1.00000E-005  1.00000E-005  1.00000E-005  1.00000E-005  1.00000E-005  1.00000E-005  
1.35000E+001  1.77742E-001  6.12899E+018  2.10048E+002  6.81175E+003  3.09249E-006  1.00000E-040  1.00000E-040  7.63642E-011  1.00000E-040  1.00000E-040  1.00000E-040  1.00000E-040  1.00000E-040  1.00000E-040  1.00000E-040  1.00000E-040  1.00000E-040  1.00000E-040  1.26634E-022  1.00000E-040  1.00399E-040  1.28027E-020  1.67828E-006  3.63668E-005  9.27625E-014  4.82123E-015  2.12026E-001  1.22487E-007  4.04026E-004  3.78868E-023  1.10728E-011  1.00000E-040  1.00000E-040  1.55535E-033  2.68111E-020  2.00119E-006  1.45096E-029  1.27427E-026  9.76653E-033  1.09740E-031  2.56754E-038  6.48876E-015  3.70067E-020  1.04288E-018  7.50063E-012  1.00000E-040  1.00000E-040  5.63087E-010  6.07097E-038  5.14834E-011  2.04639E-029  7.87530E-001  9.68026E-024  1.75669E-016  5.36539E-011  1.00000E-040  1.78028E-040  9.98137E-029  1.24545E-023  1.56698E-011  4.22531E-016  7.43857E-012  4.97324E-016  1.72138E-007  5.38523E-010  2.31277E-007  1.56210E-011  1.73059E-014  2.60882E-022  2.19762E-011  3.21098E-010  3.70892E-012  2.59907E-011  9.69924E-019  5.32637E-026  4.90603E-018  8.31780E-019  5.74132E-010  2.44599E-021  3.37321E-017  3.00525E-023  2.09090E-024  1.43434E-040  1.44757E-037  2.69071E-024  1.00000E-040  6.10012E-016  1.00000E-040  5.76740E-039  3.15429E-024  3.66722E-017  1.58614E-035  1.22213E-032  9.34431E-027  8.74917E-017  1.26653E-018  1.85604E-013  5.01628E-026  1.45141E-016  1.00000E-040  1.43558E-015  1.00000E-040  1.74327E-023  3.07634E-030  1.17990E-022  3.02276E-024  6.62382E-013  1.67495E-023  9.66442E-021  5.58061E-019  4.99556E-017  2.37899E-026  1.00000E-040  2.95203E-025  1.00000E-040  9.91828E-023  3.58946E-011  6.31104E-033  1.00000E-003  1.00000E-005  1.00000E-005  1.00000E-004  1.00000E-005  1.00000E-005  1.00000E-005  1.00000E-005  1.00000E-005  1.00000E-005  1.00000E-005  1.00000E-005  1.00000E-005  1.00000E-005  1.00000E-005  1.00000E-005  
1.45000E+001  1.50753E-001  5.38644E+018  2.02713E+002  5.16527E+003  8.49137E-007  1.00000E-040  1.00000E-040  4.81154E-011  1.00000E-040  1.00000E-040  1.00000E-040  1.00000E-040  1.00000E-040  1.00000E-040  1.00000E-040  1.00000E-040  1.00000E-040  1.00000E-040  9.56160E-023  1.00000E-040  1.00406E-040  1.13289E-020  1.66964E-006  1.38443E-005  9.52816E-014  9.39609E-015  2.12030E-001  9.59433E-008  4.04076E-004  2.89112E-023  7.44173E-012  1.00000E-040  1.00000E-040  1.11624E-033  2.09538E-020  1.98142E-006  6.38468E-029  1.22766E-025  1.46331E-031  1.65302E-030  2.56721E-038  1.32417E-015  1.79140E-020  1.15484E-018  2.98815E-012  1.00000E-040  1.00000E-040  5.52232E-010  2.08210E-038  5.12531E-011  3.94566E-029  7.87548E-001  8.66726E-024  1.35269E-016  4.88888E-011  1.00000E-040  1.00000E-040  8.31311E-029  1.59637E-023  3.12472E-011  4.44436E-016  4.20652E-012  3.34553E-016  1.70448E-007  1.77740E-010  3.74753E-007  3.21506E-011  1.76700E-014  2.73161E-022  4.28043E-011  5.80670E-010  1.93648E-012  1.44799E-011  3.56226E-019  2.16182E-026  6.41241E-018  4.60327E-019  5.85645E-010  4.52255E-021  2.09656E-017  1.51234E-023  2.81222E-024  1.41716E-040  3.17307E-038  2.61472E-024  1.00000E-040  9.49997E-016  1.00000E-040  7.04715E-039  4.15744E-024  1.52987E-017  9.81564E-036  2.72463E-032  1.32051E-026  1.46195E-016  1.17675E-018  3.10268E-013  1.87743E-026  1.19647E-016  1.00000E-040  4.02195E-015  1.00000E-040  7.83916E-024  2.06018E-030  1.17990E-022  3.39473E-024  2.43988E-013  7.38958E-024  1.83604E-020  3.12689E-019  4.98778E-017  1.00000E-040  1.00000E-040  1.38797E-025  1.00000E-040  1.30104E-023  3.50194E-011  6.53223E-033  1.00000E-003  1.00000E-005  1.00000E-005  1.00000E-004  1.00000E-005  1.00000E-005  1.00000E-005  1.00000E-005  1.00000E-005  1.00000E-005  1.00000E-005  1.00000E-005  1.00000E-005  1.00000E-005  1.00000E-005  1.00000E-005  
1.55000E+001  1.27203E-001  4.66594E+018  1.97459E+002  4.28952E+003  2.29566E-007  1.00000E-040  1.00000E-040  3.85272E-011  1.00000E-040  1.00000E-040  1.00000E-040  1.00000E-040  1.00000E-040  1.00000E-040  1.00000E-040  1.00000E-040  1.00000E-040  1.00000E-040  8.78388E-023  1.00000E-040  1.00413E-040  9.50498E-021  1.65695E-006  6.05766E-006  9.20048E-014  1.79677E-014  2.12030E-001  7.32674E-008  4.04122E-004  2.32244E-023  5.24563E-012  1.00000E-040  1.00000E-040  8.45840E-034  1.79076E-020  1.95391E-006  3.05184E-028  1.00000E-040  1.00000E-040  1.00000E-040  2.56662E-038  2.61030E-016  9.62196E-021  1.05206E-018  1.18669E-012  1.00000E-040  1.00000E-040  5.36738E-010  8.71744E-039  5.09767E-011  6.11206E-029  7.87555E-001  6.95073E-024  7.55836E-017  4.32608E-011  1.00000E-040  1.00000E-040  7.51959E-029  1.79937E-023  5.94659E-011  4.00769E-016  2.13389E-012  2.05449E-016  1.68003E-007  4.70748E-011  5.66329E-007  6.38582E-011  1.75338E-014  2.73554E-022  7.47620E-011  9.36478E-010  8.53751E-013  7.92465E-012  1.34194E-019  7.77396E-027  7.21912E-018  1.47488E-019  5.92188E-010  7.83449E-021  1.49449E-017  8.18043E-024  3.45055E-024  1.39240E-040  4.05085E-039  2.53259E-024  1.00000E-040  1.41903E-015  1.00000E-040  7.27127E-039  4.74209E-024  6.44686E-018  6.64366E-036  2.11909E-031  1.42226E-026  2.10362E-016  1.09448E-018  4.85037E-013  6.77013E-027  9.01033E-017  1.00000E-040  7.50320E-015  1.00000E-040  3.90002E-024  1.36270E-030  1.17988E-022  3.00394E-024  9.96887E-014  2.97247E-024  3.33697E-020  9.79012E-020  4.97630E-017  1.00000E-040  1.00000E-040  6.93079E-026  1.00000E-040  1.07232E-024  3.39087E-011  6.80200E-033  1.00000E-003  1.00000E-005  1.00000E-005  1.00000E-004  1.00000E-005  1.00000E-005  1.00000E-005  1.00000E-005  1.00000E-005  1.00000E-005  1.00000E-005  1.00000E-005  1.00000E-005  1.00000E-005  1.00000E-005  1.00000E-005  
1.65000E+001  1.07005E-001  3.95937E+018  1.95747E+002  3.94968E+003  5.26152E-008  1.00000E-040  1.00000E-040  3.76011E-011  1.00000E-040  1.00000E-040  1.00000E-040  1.00000E-040  1.00000E-040  1.00000E-040  1.00000E-040  1.00000E-040  1.00000E-040  1.00000E-040  8.68461E-023  1.00000E-040  1.00423E-040  9.10612E-021  1.63986E-006  4.07652E-006  9.84222E-014  3.52350E-014  2.12029E-001  5.48270E-008  4.04167E-004  2.48183E-023  4.73044E-012  1.00000E-040  1.00000E-040  1.06500E-033  2.16925E-020  1.91805E-006  1.36325E-027  4.14442E-025  5.46748E-031  5.09824E-030  2.56580E-038  5.00598E-017  6.63299E-021  9.54620E-019  5.11492E-013  1.00000E-040  1.00000E-040  5.16223E-010  7.00498E-039  5.06523E-011  9.98379E-029  7.87558E-001  6.71149E-024  4.58207E-017  3.71164E-011  1.00000E-040  3.81676E-040  7.77890E-029  1.95696E-023  9.68329E-011  3.64520E-016  1.43440E-012  1.58818E-016  1.64741E-007  1.69314E-011  8.08460E-007  1.15790E-010  2.21898E-014  2.41979E-022  1.06723E-010  1.40493E-009  3.64881E-013  4.21579E-012  6.27301E-020  3.37460E-027  8.02048E-018  4.87623E-020  5.95876E-010  1.27233E-020  1.29961E-017  6.58775E-024  4.55817E-024  1.35949E-040  3.04182E-040  2.54229E-024  1.00000E-040  2.03187E-015  1.00000E-040  8.31402E-039  5.13155E-024  3.63002E-018  8.05208E-036  1.00000E-040  1.23758E-026  2.50126E-016  1.21453E-018  6.29319E-013  3.01523E-027  6.41623E-017  1.00000E-040  9.08772E-015  1.13756E-040  2.85502E-024  9.81804E-031  1.17984E-022  2.36556E-024  6.39309E-014  1.35994E-024  5.95162E-020  2.88490E-020  4.96091E-017  1.00000E-040  1.00000E-040  6.00332E-026  1.00000E-040  1.26691E-025  3.25525E-011  6.61651E-033  1.00000E-003  1.00000E-005  1.00000E-005  1.00000E-004  1.00000E-005  1.00000E-005  1.00000E-005  1.00000E-005  1.00000E-005  1.00000E-005  1.00000E-005  1.00000E-005  1.00000E-005  1.00000E-005  1.00000E-005  1.00000E-005  
1.75000E+001  8.99896E-002  3.30931E+018  1.96957E+002  3.90000E+003  1.00000E-040  1.00000E-040  1.00000E-040  4.02301E-011  1.00000E-040  1.00000E-040  1.00000E-040  1.00000E-040  1.00000E-040  1.00000E-040  1.00000E-040  1.00000E-040  1.00000E-040  1.00000E-040  8.80447E-023  1.00000E-040  1.00434E-040  1.15946E-020  1.61847E-006  4.18487E-006  1.36917E-013  7.02785E-014  2.12027E-001  4.02097E-008  4.04212E-004  3.78990E-023  5.76402E-012  1.00000E-040  1.00000E-040  2.74595E-033  3.93944E-020  1.87424E-006  5.47159E-027  1.00000E-040  1.00000E-040  1.00000E-040  2.56477E-038  8.45928E-018  6.65609E-021  1.11787E-018  2.75064E-013  1.00000E-040  1.00000E-040  4.90827E-010  1.17950E-038  5.02851E-011  2.18850E-028  7.87560E-001  8.75649E-024  4.30033E-017  3.07149E-011  1.00000E-040  1.27614E-038  9.36739E-029  2.36546E-023  1.24226E-010  3.64366E-016  1.72700E-012  1.72308E-016  1.60683E-007  1.68031E-011  1.10023E-006  1.73900E-010  3.75538E-014  2.38723E-022  1.19163E-010  2.02849E-009  1.95196E-013  2.08337E-012  3.95335E-020  2.29783E-027  1.05012E-017  2.86365E-020  5.97979E-010  1.95181E-020  1.41647E-017  7.99131E-024  7.44695E-024  1.31874E-040  1.00000E-040  2.56143E-024  1.00000E-040  2.79582E-015  1.00000E-040  1.41529E-038  6.22944E-024  3.46409E-018  2.13292E-035  5.43832E-032  1.06248E-026  2.95123E-016  1.74629E-018  6.50701E-013  1.97106E-027  4.35123E-017  1.00000E-040  8.71125E-015  1.83586E-040  3.20228E-024  9.27119E-031  1.17978E-022  2.22805E-024  7.47105E-014  9.58535E-025  1.04554E-019  1.46859E-020  4.94172E-017  1.00000E-040  1.00000E-040  1.11444E-025  1.00000E-040  6.31075E-026  3.09740E-011  6.39302E-033  1.00000E-003  1.00000E-005  1.00000E-005  1.00000E-004  1.00000E-005  1.00000E-005  1.00000E-005  1.00000E-005  1.00000E-005  1.00000E-005  1.00000E-005  1.00000E-005  1.00000E-005  1.00000E-005  1.00000E-005  1.00000E-005  
1.85000E+001  7.58060E-002  2.75143E+018  1.99555E+002  3.99875E+003  1.00000E-040  1.00000E-040  1.00000E-040  4.40871E-011  1.00000E-040  1.00000E-040  1.00000E-040  1.00000E-040  1.00000E-040  1.00000E-040  1.00000E-040  1.00000E-040  1.00000E-040  1.00000E-040  8.98947E-023  1.00000E-040  1.00449E-040  1.57654E-020  1.59287E-006  4.31201E-006  1.96798E-013  1.38611E-013  2.12024E-001  2.94902E-008  4.04259E-004  6.21323E-023  7.44129E-012  1.00000E-040  1.00000E-040  8.23855E-033  7.87722E-020  1.82307E-006  1.94860E-026  9.46204E-026  1.75595E-031  2.59304E-030  2.56355E-038  1.42084E-018  7.32596E-021  1.44743E-018  2.35770E-013  1.00000E-040  1.00000E-040  4.60760E-010  2.55418E-038  4.98873E-011  5.26135E-028  7.87562E-001  1.19646E-023  4.35834E-017  2.44043E-011  1.00000E-040  1.00000E-040  1.26535E-028  2.90694E-023  1.49716E-010  3.59118E-016  2.48088E-012  1.99014E-016  1.55855E-007  2.55139E-011  1.44080E-006  2.46645E-010  6.68356E-014  4.73512E-022  1.20454E-010  2.76985E-009  1.63107E-013  9.58512E-013  2.86775E-020  1.74808E-027  1.33841E-017  1.95129E-020  5.99070E-010  2.89034E-020  1.96490E-017  1.10126E-023  1.25625E-023  1.27058E-040  1.00000E-040  2.57548E-024  1.00000E-040  3.71210E-015  1.00000E-040  2.56682E-038  7.60799E-024  3.69699E-018  6.77360E-035  1.95935E-031  8.15587E-027  3.15683E-016  2.58901E-018  6.31406E-013  1.50168E-027  2.83320E-017  1.00000E-040  6.86771E-015  3.26416E-040  3.95236E-024  9.98325E-031  1.17972E-022  2.15749E-024  1.00392E-013  1.07960E-024  1.80205E-019  8.69014E-021  4.91882E-017  1.00000E-040  1.00000E-040  2.46558E-025  1.00000E-040  5.11603E-026  2.92186E-011  6.59154E-033  1.00000E-003  1.00000E-005  1.00000E-005  1.00000E-004  1.00000E-005  1.00000E-005  1.00000E-005  1.00000E-005  1.00000E-005  1.00000E-005  1.00000E-005  1.00000E-005  1.00000E-005  1.00000E-005  1.00000E-005  1.00000E-005  
1.95000E+001  6.40174E-002  2.28753E+018  2.02697E+002  4.34281E+003  1.00000E-040  1.00000E-040  1.00000E-040  4.81862E-011  1.00000E-040  1.00000E-040  1.00000E-040  1.00000E-040  1.00000E-040  1.00000E-040  1.00000E-040  1.00000E-040  1.00000E-040  1.00000E-040  9.18997E-023  1.00000E-040  1.00465E-040  2.21995E-020  1.56362E-006  4.45429E-006  2.76680E-013  2.66287E-013  2.12022E-001  2.22965E-008  4.04305E-004  1.00861E-022  9.51778E-012  5.17784E-038  1.00000E-040  2.43321E-032  1.57332E-019  1.76610E-006  6.18761E-026  1.00000E-040  1.00000E-040  1.00000E-040  2.56217E-038  4.18719E-019  8.13963E-021  2.01758E-018  3.04622E-013  1.00000E-040  1.00000E-040  4.26795E-010  5.82237E-038  4.94770E-011  1.39435E-027  7.87564E-001  1.57113E-023  4.36263E-017  1.85570E-011  1.60493E-026  3.21828E-039  1.80197E-028  3.49844E-023  1.79688E-010  3.47701E-016  3.66066E-012  2.21247E-016  1.50371E-007  4.10846E-011  1.82527E-006  3.42660E-010  1.15240E-013  1.46237E-021  1.18901E-010  3.57778E-009  2.04361E-013  4.19562E-013  2.34079E-020  1.41117E-027  1.60582E-017  1.31988E-020  5.99570E-010  4.18721E-020  3.21758E-017  1.53230E-023  2.06105E-023  1.21641E-040  1.00000E-040  2.60438E-024  1.00000E-040  4.77164E-015  1.00000E-040  4.48405E-038  9.07360E-024  3.92347E-018  2.13875E-034  1.36624E-031  5.76264E-027  3.13516E-016  3.75491E-018  5.98124E-013  1.23379E-027  1.79606E-017  1.00000E-040  4.81316E-015  5.87244E-040  4.79154E-024  1.11682E-030  1.17964E-022  1.97068E-024  1.34478E-013  1.76145E-024  3.04140E-019  4.99816E-021  4.89273E-017  1.00000E-040  1.00000E-040  5.42234E-025  1.00000E-040  4.63801E-026  2.73631E-011  6.29785E-033  1.00000E-003  1.00000E-005  1.00000E-005  1.00000E-004  1.00000E-005  1.00000E-005  1.00000E-005  1.00000E-005  1.00000E-005  1.00000E-005  1.00000E-005  1.00000E-005  1.00000E-005  1.00000E-005  1.00000E-005  1.00000E-005  
2.05000E+001  5.42057E-002  1.90770E+018  2.05803E+002  4.84355E+003  1.00000E-040  1.00000E-040  1.00000E-040  5.19353E-011  1.00000E-040  1.00000E-040  1.00000E-040  1.00000E-040  1.00000E-040  1.00000E-040  1.00000E-040  1.00000E-040  1.00000E-040  1.00000E-040  9.37945E-023  1.00000E-040  1.00482E-040  3.26714E-020  1.53164E-006  4.60637E-006  3.79256E-013  4.93935E-013  2.12019E-001  1.78652E-008  4.04351E-004  1.58642E-022  1.18516E-011  1.32756E-037  1.00000E-040  6.74493E-032  3.03138E-019  1.70556E-006  1.77202E-025  1.49707E-025  7.20313E-031  8.48434E-030  2.56068E-038  3.16784E-019  8.94921E-021  3.02291E-018  4.71260E-013  1.00000E-040  1.00000E-040  3.90175E-010  1.26877E-037  4.90730E-011  4.19659E-027  7.87567E-001  1.98065E-023  4.33585E-017  1.34639E-011  2.20158E-026  3.21696E-039  2.60429E-028  4.11521E-023  2.17668E-010  3.37035E-016  5.25189E-012  2.33945E-016  1.44414E-007  6.32402E-011  2.24587E-006  4.66499E-010  1.86132E-013  5.08973E-021  1.17930E-010  4.40182E-009  3.06490E-013  1.79729E-013  2.08807E-020  1.19197E-027  1.83508E-017  8.91553E-021  5.99768E-010  5.97415E-020  5.63486E-017  2.13104E-023  3.29695E-023  1.15852E-040  1.00000E-040  2.70087E-024  1.00000E-040  5.95773E-015  1.00000E-040  7.46224E-038  1.05963E-023  4.06881E-018  6.32066E-034  1.00706E-031  3.97002E-027  3.03153E-016  5.29514E-018  5.59280E-013  1.07091E-027  1.12693E-017  1.00000E-040  3.31486E-015  1.05147E-039  5.70007E-024  1.26047E-030  1.17956E-022  1.76599E-024  1.72543E-013  3.32705E-024  5.02291E-019  2.81986E-021  4.86426E-017  1.00000E-040  1.00000E-040  1.12084E-024  1.00000E-040  4.48159E-026  2.54951E-011  5.74579E-033  1.00000E-003  1.00000E-005  1.00000E-005  1.00000E-004  1.00000E-005  1.00000E-005  1.00000E-005  1.00000E-005  1.00000E-005  1.00000E-005  1.00000E-005  1.00000E-005  1.00000E-005  1.00000E-005  1.00000E-005  1.00000E-005  
2.15000E+001  4.60153E-002  1.59545E+018  2.08899E+002  5.43875E+003  1.00000E-040  1.00000E-040  1.00000E-040  5.50326E-011  1.00000E-040  1.00000E-040  1.00000E-040  1.00000E-040  1.00000E-040  1.00000E-040  1.00000E-040  1.00000E-040  1.00000E-040  1.00000E-040  9.55918E-023  1.00000E-040  1.00501E-040  5.06851E-020  1.49742E-006  4.76542E-006  5.12096E-013  8.91519E-013  2.12016E-001  1.53329E-008  4.04397E-004  2.44572E-022  1.45086E-011  1.00000E-040  1.00000E-040  1.79467E-031  5.70026E-019  1.64263E-006  4.64149E-025  1.00000E-040  1.00000E-040  1.00000E-040  2.55910E-038  3.33180E-019  9.77070E-021  4.81155E-018  7.69570E-013  1.00000E-040  1.00000E-040  3.51635E-010  2.68384E-037  4.86830E-011  1.34387E-026  7.87569E-001  2.46566E-023  4.34115E-017  9.22272E-012  1.00000E-040  1.00000E-040  3.80519E-028  4.79092E-023  2.65337E-010  3.28666E-016  7.33584E-012  2.42539E-016  1.38079E-007  9.26831E-011  2.70214E-006  6.24958E-010  2.86776E-013  1.78935E-020  1.17678E-010  5.21111E-009  4.83324E-013  7.64563E-014  1.98342E-020  1.04275E-027  2.03151E-017  6.11741E-021  5.99826E-010  8.46132E-020  1.00308E-016  2.98672E-023  5.20059E-023  1.09841E-040  1.00000E-040  2.82622E-024  1.00000E-040  7.27849E-015  1.00000E-040  1.21059E-037  1.22877E-023  4.16876E-018  1.78921E-033  1.00000E-040  2.70554E-027  2.87353E-016  7.33419E-018  5.17812E-013  9.90465E-028  7.04423E-018  1.00000E-040  2.29761E-015  1.88106E-039  6.74613E-024  1.44145E-030  1.17948E-022  1.56200E-024  2.14975E-013  6.47556E-024  8.17158E-019  1.59320E-021  4.83380E-017  1.00000E-040  1.00000E-040  2.22768E-024  1.00000E-040  4.63095E-026  2.36573E-011  4.96182E-033  1.00000E-003  1.00000E-005  1.00000E-005  1.00000E-004  1.00000E-005  1.00000E-005  1.00000E-005  1.00000E-005  1.00000E-005  1.00000E-005  1.00000E-005  1.00000E-005  1.00000E-005  1.00000E-005  1.00000E-005  1.00000E-005  
2.25000E+001  3.91566E-002  1.33903E+018  2.11802E+002  6.18708E+003  1.00000E-040  1.00000E-040  1.00000E-040  5.71413E-011  1.00000E-040  1.00000E-040  1.00000E-040  1.00000E-040  1.00000E-040  1.00000E-040  1.00000E-040  1.00000E-040  1.00000E-040  1.00000E-040  9.72262E-023  1.00000E-040  1.00520E-040  8.19153E-020  1.46132E-006  4.92925E-006  6.86304E-013  1.56859E-012  2.12012E-001  1.40312E-008  4.04441E-004  3.70604E-022  1.74928E-011  1.00000E-040  1.00000E-040  4.59728E-031  1.04405E-018  1.57824E-006  1.12583E-024  1.00000E-040  1.00000E-040  1.00000E-040  2.55744E-038  3.56824E-019  1.05794E-020  8.02674E-018  1.25128E-012  1.00000E-040  1.00000E-040  3.11888E-010  5.41492E-037  4.83106E-011  4.28670E-026  7.87572E-001  3.03395E-023  4.28649E-017  5.87828E-012  1.00000E-040  1.00000E-040  5.56022E-028  5.56650E-023  3.25649E-010  3.22787E-016  9.94573E-012  2.47792E-016  1.31443E-007  1.28931E-010  3.19473E-006  8.24415E-010  4.20871E-013  5.90432E-020  1.18597E-010  5.97785E-009  7.61079E-013  3.26423E-014  1.93703E-020  9.27141E-028  2.21359E-017  4.06417E-021  5.99823E-010  1.19491E-019  1.77300E-016  4.23244E-023  8.12944E-023  1.03763E-040  1.00000E-040  2.88535E-024  1.36126E-035  8.74537E-015  1.00000E-040  1.94156E-037  1.42792E-023  4.23864E-018  4.84927E-033  1.00000E-040  1.86051E-027  2.72423E-016  1.00358E-017  4.77180E-013  9.54855E-028  4.38955E-018  1.00000E-040  1.65750E-015  3.36244E-039  8.03109E-024  1.65456E-030  1.17939E-022  1.38061E-024  2.59968E-013  1.23866E-023  1.31407E-018  8.67420E-022  4.80165E-017  1.00000E-040  2.63485E-032  4.26156E-024  1.00000E-040  4.98103E-026  2.18768E-011  4.19652E-033  1.00000E-003  1.00000E-005  1.00000E-005  1.00000E-004  1.00000E-005  1.00000E-005  1.00000E-005  1.00000E-005  1.00000E-005  1.00000E-005  1.00000E-005  1.00000E-005  1.00000E-005  1.00000E-005  1.00000E-005  1.00000E-005  
2.35000E+001  3.33919E-002  1.12814E+018  2.14386E+002  7.03562E+003  1.00000E-040  1.00000E-040  1.00000E-040  5.79470E-011  1.00000E-040  1.00000E-040  1.00000E-040  1.00000E-040  1.00000E-040  1.00000E-040  1.00000E-040  1.00000E-040  1.00000E-040  1.00000E-040  9.86602E-023  1.00000E-040  1.00540E-040  1.35792E-019  1.42370E-006  5.09599E-006  9.18824E-013  2.69420E-012  2.12009E-001  1.34929E-008  4.04485E-004  5.54060E-022  2.08180E-011  1.00000E-040  1.00000E-040  1.14003E-030  1.86358E-018  1.51314E-006  2.55987E-024  3.40752E-026  4.02909E-031  4.89519E-030  2.55572E-038  3.69208E-019  1.13784E-020  1.39368E-017  1.96487E-012  1.00000E-040  1.00000E-040  2.71728E-010  1.03345E-036  4.79576E-011  1.32148E-025  7.87575E-001  3.67524E-023  4.00110E-017  3.42890E-012  1.00000E-040  1.00000E-040  8.08406E-028  6.49902E-023  4.03346E-010  3.17949E-016  1.30759E-011  2.51006E-016  1.24584E-007  1.70046E-010  3.72245E-006  1.07329E-009  5.87075E-013  1.76413E-019  1.21261E-010  6.67233E-009  1.18317E-012  1.41276E-014  1.90251E-020  8.29016E-028  2.40181E-017  2.39471E-021  5.99792E-010  1.68596E-019  3.08410E-016  6.07216E-023  1.26448E-022  1.00000E-040  1.00000E-040  2.95164E-024  4.09028E-035  1.03692E-014  1.00000E-040  3.11560E-037  1.67452E-023  4.28929E-018  1.26281E-032  1.00000E-040  1.30343E-027  2.61941E-016  1.36364E-017  4.39652E-013  9.38908E-028  2.71725E-018  1.00000E-040  1.27243E-015  5.99529E-039  9.71288E-024  1.91151E-030  1.17929E-022  1.25252E-024  3.04953E-013  2.27996E-023  2.09347E-018  4.20903E-022  4.76804E-017  1.00000E-040  7.85516E-032  7.88208E-024  1.00000E-040  5.44033E-026  2.01722E-011  3.51478E-033  1.00000E-003  1.00000E-005  1.00000E-005  1.00000E-004  1.00000E-005  1.00000E-005  1.00000E-005  1.00000E-005  1.00000E-005  1.00000E-005  1.00000E-005  1.00000E-005  1.00000E-005  1.00000E-005  1.00000E-005  1.00000E-005  
2.45000E+001  2.85291E-002  9.53737E+017  2.16659E+002  7.98436E+003  1.00000E-040  1.00000E-040  1.00000E-040  5.72191E-011  1.00000E-040  1.00000E-040  1.00000E-040  1.00000E-040  1.00000E-040  1.00000E-040  1.00000E-040  1.00000E-040  1.00000E-040  1.00000E-040  9.99096E-023  1.00000E-040  1.00562E-040  2.28541E-019  1.38467E-006  5.26496E-006  1.23561E-012  4.53220E-012  2.12005E-001  1.34075E-008  4.04528E-004  8.22432E-022  2.45561E-011  1.00000E-040  1.00000E-040  2.77019E-030  3.26190E-018  1.44764E-006  5.51220E-024  6.36586E-027  1.00000E-040  1.00000E-040  2.55394E-038  3.66672E-019  1.22061E-020  2.50191E-017  2.93616E-012  1.00000E-040  1.00000E-040  2.31841E-010  1.88442E-036  4.76225E-011  3.88892E-025  7.87578E-001  4.35629E-023  3.35980E-017  1.79466E-012  1.00000E-040  1.00000E-040  1.16179E-027  7.68252E-023  5.05730E-010  3.12924E-016  1.67128E-011  2.53918E-016  1.17542E-007  2.12999E-010  4.28223E-006  1.38610E-009  7.81779E-013  4.75825E-019  1.26196E-010  7.26327E-009  1.80977E-012  6.24698E-015  1.86627E-020  7.45035E-028  2.61357E-017  1.13144E-021  5.99749E-010  2.38246E-019  5.28086E-016  8.82062E-023  1.96373E-022  1.00000E-040  1.00000E-040  3.04644E-024  4.31016E-035  1.21622E-014  1.00000E-040  5.06844E-037  1.99526E-023  4.32746E-018  3.20037E-032  1.00000E-040  9.26914E-028  2.56273E-016  1.84858E-017  4.05944E-013  9.32568E-028  1.65967E-018  1.00000E-040  1.04020E-015  1.06822E-038  1.20114E-023  2.21967E-030  1.17919E-022  1.16851E-024  3.47896E-013  4.00358E-023  3.31182E-018  1.65694E-022  4.73299E-017  1.00000E-040  9.45636E-032  1.42717E-023  1.00000E-040  5.96805E-026  1.85463E-011  2.85803E-033  1.00000E-003  1.00000E-005  1.00000E-005  1.00000E-004  1.00000E-005  1.00000E-005  1.00000E-005  1.00000E-005  1.00000E-005  1.00000E-005  1.00000E-005  1.00000E-005  1.00000E-005  1.00000E-005  1.00000E-005  1.00000E-005  
2.55000E+001  2.44131E-002  8.08962E+017  2.18581E+002  8.98610E+003  1.00000E-040  1.00000E-040  1.00000E-040  5.47839E-011  1.00000E-040  1.00000E-040  1.00000E-040  1.00000E-040  1.00000E-040  1.00000E-040  1.00000E-040  1.00000E-040  1.00000E-040  1.00000E-040  1.00970E-022  1.00000E-040  1.00583E-040  3.87625E-019  1.34419E-006  5.43611E-006  1.67620E-012  7.47363E-012  2.12001E-001  1.35770E-008  4.04570E-004  1.21613E-021  2.87449E-011  1.27201E-038  1.00000E-040  6.63665E-030  5.61048E-018  1.38178E-006  1.13066E-023  8.49358E-027  1.62689E-032  1.93654E-031  2.55209E-038  3.49201E-019  1.31205E-020  4.59613E-017  4.14472E-012  1.00000E-040  1.00000E-040  1.92935E-010  3.28846E-036  4.73027E-011  1.09448E-024  7.87581E-001  5.03736E-023  2.42643E-017  8.25082E-013  1.35255E-028  1.39066E-040  1.63059E-027  9.26915E-023  6.44158E-010  3.10811E-016  2.07626E-011  2.57255E-016  1.10343E-007  2.53053E-010  4.86498E-006  1.78077E-009  9.92334E-013  1.15417E-018  1.34142E-010  7.71528E-009  2.72204E-012  2.84587E-015  1.82029E-020  6.72958E-028  2.86753E-017  3.91917E-022  5.99699E-010  3.38040E-019  8.92650E-016  1.29848E-022  3.05464E-022  1.00000E-040  1.00000E-040  3.04883E-024  4.04349E-035  1.41261E-014  1.18128E-040  8.45917E-037  2.43173E-023  4.35569E-018  7.93941E-032  8.06649E-033  6.69224E-028  2.57106E-016  2.50724E-017  3.76373E-013  9.27837E-028  9.95179E-019  1.00000E-040  9.09883E-016  1.90256E-038  1.52983E-023  2.55359E-030  1.17909E-022  1.13862E-024  3.85681E-013  6.69751E-023  5.20635E-018  4.87395E-023  4.69639E-017  1.00000E-040  1.06226E-031  2.54490E-023  1.00000E-040  6.51003E-026  1.69952E-011  2.24303E-033  1.00000E-003  1.00000E-005  1.00000E-005  1.00000E-004  1.00000E-005  1.00000E-005  1.00000E-005  1.00000E-005  1.00000E-005  1.00000E-005  1.00000E-005  1.00000E-005  1.00000E-005  1.00000E-005  1.00000E-005  1.00000E-005  
2.65000E+001  2.09193E-002  6.87775E+017  2.20301E+002  1.00349E+004  1.00000E-040  1.00000E-040  1.00000E-040  5.05557E-011  1.00000E-040  1.00000E-040  1.00000E-040  1.00000E-040  1.00000E-040  1.00000E-040  1.00000E-040  1.00000E-040  1.00000E-040  1.00000E-040  1.01908E-022  1.00000E-040  1.00606E-040  6.62102E-019  1.30211E-006  5.60997E-006  2.29857E-012  1.21199E-011  2.11998E-001  1.38861E-008  4.04611E-004  1.80095E-021  3.34937E-011  1.92327E-038  1.00000E-040  1.58773E-029  9.56324E-018  1.31539E-006  2.21316E-023  2.02875E-027  1.00000E-040  1.00000E-040  2.55015E-038  3.21492E-019  1.42396E-020  8.46837E-017  5.51841E-012  1.00000E-040  1.00000E-040  1.55760E-010  5.62589E-036  4.69946E-011  2.92666E-024  7.87584E-001  5.73544E-023  1.45447E-017  3.25844E-013  1.25613E-028  1.74014E-040  2.24969E-027  1.15010E-022  8.33766E-010  3.17394E-016  2.51798E-011  2.62298E-016  1.03003E-007  2.85953E-010  5.45211E-006  2.28150E-009  1.21037E-012  2.57469E-018  1.45363E-010  7.98586E-009  4.06783E-012  1.35045E-015  1.78051E-020  6.14724E-028  3.16748E-017  9.28484E-023  5.99645E-010  4.83006E-019  1.49860E-015  1.94157E-022  4.78411E-022  1.00000E-040  1.54623E-040  3.08325E-024  3.62528E-035  1.62451E-014  4.00537E-040  1.46464E-036  3.04861E-023  4.38573E-018  1.95861E-031  1.42818E-032  4.85304E-028  2.63307E-016  3.40689E-017  3.50074E-013  9.31862E-028  5.84397E-019  1.00000E-040  8.33364E-016  3.41398E-038  2.01561E-023  2.98893E-030  1.17898E-022  1.16643E-024  4.18072E-013  1.06561E-022  8.13786E-018  1.00109E-023  4.65797E-017  1.00000E-040  1.17495E-031  4.53254E-023  1.00000E-040  7.11684E-026  1.55109E-011  1.68849E-033  1.00000E-003  1.00000E-005  1.00000E-005  1.00000E-004  1.00000E-005  1.00000E-005  1.00000E-005  1.00000E-005  1.00000E-005  1.00000E-005  1.00000E-005  1.00000E-005  1.00000E-005  1.00000E-005  1.00000E-005  1.00000E-005  
2.75000E+001  1.79478E-002  5.85559E+017  2.22002E+002  1.12783E+004  1.00000E-040  1.00000E-040  1.00000E-040  4.44238E-011  1.00000E-040  1.00000E-040  1.00000E-040  1.00000E-040  1.00000E-040  1.00000E-040  1.00000E-040  1.00000E-040  1.00000E-040  1.00000E-040  1.02803E-022  1.00000E-040  1.00630E-040  1.13932E-018  1.25854E-006  5.78588E-006  3.18378E-012  1.93639E-011  2.11994E-001  1.42698E-008  4.04652E-004  2.67787E-021  3.88929E-011  5.25365E-038  1.00000E-040  3.82558E-029  1.62634E-017  1.24875E-006  4.12441E-023  8.16360E-027  9.67037E-033  1.10990E-031  2.54813E-038  2.90536E-019  1.57725E-020  1.52878E-016  6.92391E-012  1.00000E-040  1.00000E-040  1.21428E-010  9.66704E-036  4.66975E-011  7.37031E-024  7.87587E-001  6.55078E-023  7.11165E-018  1.09063E-013  2.13953E-028  3.51048E-040  3.03084E-027  1.47336E-022  1.09260E-009  3.38262E-016  2.99379E-011  2.69624E-016  9.56021E-008  3.08325E-010  6.00909E-006  2.90664E-009  1.42772E-012  5.40404E-018  1.59541E-010  8.02899E-009  6.16224E-012  6.81861E-016  1.76832E-020  5.70753E-028  3.50005E-017  1.45864E-023  5.99588E-010  6.95483E-019  2.50626E-015  2.94806E-022  7.56079E-022  1.00000E-040  2.55886E-040  3.07329E-024  3.19281E-035  1.84621E-014  1.28937E-039  2.64408E-036  3.94023E-023  4.44339E-018  4.86236E-031  2.43798E-032  3.50068E-028  2.74199E-016  4.63223E-017  3.26040E-013  9.56098E-028  3.36961E-019  1.00000E-040  7.77262E-016  5.95769E-038  2.74653E-023  3.46104E-030  1.17887E-022  1.25785E-024  4.46692E-013  1.60486E-022  1.26278E-017  1.39100E-024  4.61768E-017  1.00000E-040  1.29022E-031  8.14363E-023  1.00000E-040  7.89526E-026  1.40963E-011  1.21754E-033  1.00000E-003  1.00000E-005  1.00000E-005  1.00000E-004  1.00000E-005  1.00000E-005  1.00000E-005  1.00000E-005  1.00000E-005  1.00000E-005  1.00000E-005  1.00000E-005  1.00000E-005  1.00000E-005  1.00000E-005  1.00000E-005  
2.85000E+001  1.54182E-002  4.98757E+017  2.23904E+002  1.24900E+004  1.00000E-040  1.00000E-040  1.00000E-040  3.60628E-011  1.00000E-040  1.00000E-040  1.00000E-040  1.00000E-040  1.00000E-040  1.00000E-040  1.00000E-040  1.00000E-040  1.00000E-040  1.00000E-040  1.03746E-022  1.00000E-040  1.00654E-040  1.97654E-018  1.21345E-006  5.96384E-006  4.43903E-012  3.05485E-011  2.11990E-001  1.46960E-008  4.04691E-004  3.99855E-021  4.50054E-011  1.00000E-040  1.00000E-040  9.32814E-029  2.77431E-017  1.18188E-006  7.27145E-023  7.36432E-027  1.18678E-032  1.39521E-031  2.54602E-038  2.62775E-019  1.80116E-020  2.64243E-016  8.18972E-012  2.18461E-040  1.00000E-040  9.08887E-011  1.71021E-035  4.64094E-011  1.72864E-023  7.87591E-001  7.62295E-023  2.81943E-018  3.07030E-014  1.00000E-040  4.16971E-040  4.01852E-027  1.95195E-022  1.43891E-009  3.73486E-016  3.50862E-011  2.79462E-016  8.82051E-008  3.18971E-010  6.49442E-006  3.66090E-009  1.64210E-012  1.09303E-017  1.75542E-010  7.81665E-009  9.78691E-012  3.75343E-016  1.80786E-020  5.40725E-028  3.83330E-017  1.51156E-024  5.99528E-010  1.01144E-018  4.18791E-015  4.54776E-022  1.20982E-021  1.00000E-040  4.53476E-040  3.05718E-024  2.87714E-035  2.06973E-014  3.94492E-039  4.97896E-036  5.25515E-023  4.55739E-018  1.22526E-030  3.93913E-032  2.47310E-028  2.87844E-016  6.27954E-017  3.03018E-013  1.01647E-027  1.90931E-019  1.00000E-040  7.14257E-016  1.02212E-037  3.86048E-023  4.00847E-030  1.17875E-022  1.41787E-024  4.74862E-013  2.27148E-022  1.94128E-017  1.29462E-025  4.57530E-017  1.00000E-040  1.43401E-031  1.48546E-022  1.00000E-040  9.01230E-026  1.27495E-011  8.43767E-034  1.00000E-003  1.00000E-005  1.00000E-005  1.00000E-004  1.00000E-005  1.00000E-005  1.00000E-005  1.00000E-005  1.00000E-005  1.00000E-005  1.00000E-005  1.00000E-005  1.00000E-005  1.00000E-005  1.00000E-005  1.00000E-005  
2.95000E+001  1.32642E-002  4.24855E+017  2.26129E+002  1.36345E+004  1.00000E-040  1.00000E-040  1.00000E-040  2.50707E-011  1.00000E-040  1.00000E-040  1.00000E-040  1.00000E-040  1.00000E-040  1.00000E-040  1.00000E-040  1.00000E-040  1.00000E-040  1.00000E-040  1.04787E-022  1.00000E-040  1.00681E-040  3.45225E-018  1.16630E-006  6.14571E-006  6.19989E-012  4.76333E-011  2.11985E-001  1.51522E-008  4.04729E-004  5.97058E-021  5.17480E-011  1.00000E-040  1.00000E-040  2.29153E-028  4.74217E-017  1.11412E-006  1.20043E-022  5.71503E-027  1.00000E-040  1.00000E-040  2.54378E-038  2.41275E-019  2.13003E-020  4.29437E-016  9.13071E-012  7.82698E-040  1.00000E-040  6.46714E-011  3.14364E-035  4.61256E-011  3.75879E-023  7.87594E-001  9.03989E-023  8.99486E-019  7.19516E-015  1.00000E-040  7.68389E-040  5.30390E-027  2.67796E-022  1.89037E-009  4.18342E-016  4.06197E-011  2.91004E-016  8.08088E-008  3.17758E-010  6.86916E-006  4.52570E-009  1.84707E-012  2.14938E-017  1.91899E-010  7.35437E-009  1.64901E-011  2.29043E-016  1.91638E-020  5.22399E-028  4.12946E-017  1.03015E-025  5.99464E-010  1.49345E-018  7.01810E-015  7.14750E-022  1.96954E-021  1.00000E-040  8.70573E-040  3.03227E-024  2.73305E-035  2.28666E-014  1.13821E-038  9.75741E-036  7.24556E-023  4.74152E-018  3.12581E-030  6.44947E-032  1.68162E-028  3.01052E-016  8.44094E-017  2.79933E-013  1.12833E-027  1.05658E-019  1.00000E-040  6.33603E-016  1.74088E-037  5.59119E-023  4.67441E-030  1.17862E-022  1.66356E-024  5.04308E-013  3.00022E-022  2.94828E-017  8.00788E-027  4.53010E-017  7.06236E-038  1.63946E-031  2.74129E-022  1.00000E-040  1.06257E-025  1.14560E-011  5.71370E-034  1.00000E-003  1.00000E-005  1.00000E-005  1.00000E-004  1.00000E-005  1.00000E-005  1.00000E-005  1.00000E-005  1.00000E-005  1.00000E-005  1.00000E-005  1.00000E-005  1.00000E-005  1.00000E-005  1.00000E-005  1.00000E-005  
3.05000E+001  1.14304E-002  3.61683E+017  2.28902E+002  1.51261E+004  1.00000E-040  1.00000E-040  1.00000E-040  1.12929E-011  1.00000E-040  1.00000E-040  1.00000E-040  1.00000E-040  1.00000E-040  1.00000E-040  1.00000E-040  1.00000E-040  1.00000E-040  1.00000E-040  1.06015E-022  1.00000E-040  1.00708E-040  6.07868E-018  1.11727E-006  6.33057E-006  8.62608E-012  7.35819E-011  2.11981E-001  1.56270E-008  4.04767E-004  8.89458E-021  5.91084E-011  1.00000E-040  1.00000E-040  5.67224E-028  8.14788E-017  1.04582E-006  1.84096E-022  4.27447E-027  1.00000E-040  1.00000E-040  2.54140E-038  2.27144E-019  2.60327E-020  6.45728E-016  9.58170E-012  2.60540E-039  1.00000E-040  4.34558E-011  6.12396E-035  4.58460E-011  7.50837E-023  7.87598E-001  1.08295E-022  2.34009E-019  1.41602E-015  1.00000E-040  1.28344E-039  7.05954E-027  3.77853E-022  2.45522E-009  4.63590E-016  4.66521E-011  3.04011E-016  7.35279E-008  3.06641E-010  7.09652E-006  5.45377E-009  2.04852E-012  4.19150E-017  2.06076E-010  6.67353E-009  2.85330E-011  1.56972E-016  2.13076E-020  5.15437E-028  4.33164E-017  4.78996E-027  5.99396E-010  2.23656E-018  1.17652E-014  1.14151E-021  3.26320E-021  1.00000E-040  1.83873E-039  3.02111E-024  2.75620E-035  2.48662E-014  3.08690E-038  1.96981E-035  1.02751E-022  5.02469E-018  8.10195E-030  1.07856E-031  1.08282E-028  3.05200E-016  1.11957E-016  2.55684E-013  1.32663E-027  5.71384E-020  1.00000E-040  5.26049E-016  2.90552E-037  8.27900E-023  5.55222E-030  1.17848E-022  1.99538E-024  5.39078E-013  3.65669E-022  4.40817E-017  3.38756E-028  4.48192E-017  5.75773E-038  1.90773E-031  5.12466E-022  1.00000E-040  1.31066E-025  1.02228E-011  4.02931E-034  1.00000E-003  1.00000E-005  1.00000E-005  1.00000E-004  1.00000E-005  1.00000E-005  1.00000E-005  1.00000E-005  1.00000E-005  1.00000E-005  1.00000E-005  1.00000E-005  1.00000E-005  1.00000E-005  1.00000E-005  1.00000E-005  
3.15000E+001  9.86972E-003  3.07924E+017  2.32155E+002  1.66853E+004  1.00000E-040  1.00000E-040  1.00000E-040  1.34374E-030  1.00000E-040  1.00000E-040  1.00000E-040  1.00000E-040  1.00000E-040  1.00000E-040  1.00000E-040  1.00000E-040  1.00000E-040  1.00000E-040  1.07404E-022  1.00000E-040  1.00738E-040  1.07544E-017  1.06680E-006  6.51649E-006  1.19019E-011  1.12496E-010  2.11977E-001  1.60908E-008  4.04802E-004  1.31290E-020  6.68178E-011  8.69592E-037  1.00000E-040  1.39555E-027  1.39618E-016  9.77711E-007  2.60412E-022  2.81682E-027  2.21833E-033  2.54828E-032  2.53890E-038  2.18119E-019  3.24888E-020  8.91346E-016  9.44573E-012  7.79964E-039  1.00000E-040  2.74734E-011  1.24299E-034  4.55716E-011  1.38412E-022  7.87602E-001  1.29473E-022  5.08297E-020  2.39122E-016  5.96063E-028  2.84131E-039  9.54312E-027  5.42385E-022  3.13335E-009  5.01598E-016  5.30776E-011  3.16758E-016  6.65046E-008  2.87399E-010  7.16792E-006  6.35932E-009  2.22987E-012  8.00093E-017  2.16412E-010  5.84958E-009  4.46318E-011  1.19627E-016  2.46949E-020  5.16378E-028  4.41931E-017  1.61011E-028  5.99325E-010  3.38510E-018  1.95626E-014  1.84003E-021  5.46716E-021  1.00000E-040  4.15099E-039  3.04257E-024  3.03841E-035  2.66437E-014  7.73792E-038  4.03110E-035  1.48603E-022  5.41874E-018  2.10103E-029  1.85868E-031  6.64269E-029  2.95542E-016  1.45972E-016  2.30405E-013  1.64223E-027  3.03305E-020  1.00000E-040  4.12071E-016  4.77765E-037  1.24195E-022  1.01294E-028  1.17833E-022  2.40991E-024  5.78755E-013  4.09587E-022  6.46559E-017  1.03502E-029  4.43085E-017  2.13455E-038  2.33774E-031  9.56435E-022  1.00000E-040  1.67593E-025  9.06216E-012  3.43096E-034  1.00000E-003  1.00000E-005  1.00000E-005  1.00000E-004  1.00000E-005  1.00000E-005  1.00000E-005  1.00000E-005  1.00000E-005  1.00000E-005  1.00000E-005  1.00000E-005  1.00000E-005  1.00000E-005  1.00000E-005  1.00000E-005  
3.25000E+001  8.54047E-003  2.62569E+017  2.35589E+002  1.81824E+004  1.00000E-040  1.00000E-040  1.00000E-040  1.60722E-030  1.00000E-040  1.00000E-040  1.00000E-040  1.00000E-040  1.00000E-040  1.00000E-040  1.00000E-040  1.00000E-040  1.00000E-040  1.00000E-040  1.08838E-022  1.00000E-040  1.00769E-040  1.90124E-017  1.01470E-006  6.70388E-006  1.62473E-011  1.69830E-010  2.11973E-001  1.64982E-008  4.04835E-004  1.90211E-020  7.42697E-011  1.89247E-038  1.00000E-040  3.33995E-027  2.34986E-016  9.09642E-007  3.37277E-022  1.59273E-027  1.27458E-033  1.42819E-032  2.53624E-038  2.10173E-019  4.06707E-020  1.12636E-015  8.72260E-012  2.00699E-038  1.00000E-040  1.62064E-011  2.52270E-034  4.52999E-011  2.39124E-022  7.87606E-001  1.53347E-022  9.33129E-021  3.51229E-017  8.52964E-030  3.31369E-037  1.29986E-026  7.85779E-022  3.92332E-009  5.28493E-016  5.95310E-011  3.27100E-016  5.97748E-008  2.61625E-010  7.10845E-006  7.14603E-009  2.35628E-012  1.43523E-016  2.22900E-010  4.98036E-009  5.65988E-011  9.79600E-017  2.92559E-020  5.19419E-028  4.41870E-017  4.07736E-030  5.99249E-010  5.17492E-018  3.20395E-014  2.98046E-021  9.20505E-021  1.00000E-040  9.48537E-039  2.98505E-024  3.24367E-035  2.82341E-014  1.74843E-037  8.25149E-035  2.17877E-022  5.89574E-018  5.30724E-029  7.56872E-031  3.93326E-029  2.72484E-016  1.86574E-016  2.04816E-013  2.09733E-027  1.57604E-020  1.00000E-040  3.16216E-016  7.77131E-037  1.87863E-022  7.74390E-030  1.17817E-022  2.91172E-024  6.17548E-013  4.22653E-022  9.28672E-017  2.38244E-031  4.37630E-017  4.49477E-038  2.71479E-031  1.74126E-021  1.00000E-040  2.16384E-025  7.97044E-012  4.13302E-034  1.00000E-003  1.00000E-005  1.00000E-005  1.00000E-004  1.00000E-005  1.00000E-005  1.00000E-005  1.00000E-005  1.00000E-005  1.00000E-005  1.00000E-005  1.00000E-005  1.00000E-005  1.00000E-005  1.00000E-005  1.00000E-005  
3.35000E+001  7.40615E-003  2.24424E+017  2.39023E+002  1.99750E+004  1.00000E-040  1.00000E-040  1.00000E-040  2.92695E-030  1.00000E-040  1.00000E-040  1.00000E-040  1.00000E-040  1.00000E-040  1.00000E-040  1.00000E-040  1.00000E-040  1.00000E-040  1.00000E-040  1.10251E-022  1.00000E-040  1.00803E-040  3.35991E-017  9.61258E-007  6.89161E-006  2.19306E-011  2.53463E-010  2.11969E-001  1.67992E-008  4.04866E-004  2.69408E-020  8.09737E-011  6.07240E-038  1.00000E-040  7.69732E-027  3.85608E-016  8.42018E-007  3.99599E-022  7.70432E-028  3.19235E-034  3.70833E-033  2.53342E-038  2.00312E-019  5.01998E-020  1.30238E-015  7.54429E-012  4.37754E-038  1.00000E-040  8.87048E-012  5.00703E-034  4.50305E-011  3.91081E-022  7.87610E-001  1.79738E-022  1.47632E-021  4.58162E-018  1.82057E-029  5.31100E-039  1.77629E-026  1.13475E-021  4.81508E-009  5.40922E-016  6.58146E-011  3.34343E-016  5.34114E-008  2.32392E-010  6.95809E-006  7.73960E-009  2.41512E-012  2.39176E-016  2.25626E-010  4.14572E-009  6.50866E-011  8.33387E-017  3.49456E-020  5.22010E-028  4.36251E-017  8.17199E-032  5.99169E-010  7.94750E-018  5.13720E-014  4.81590E-021  1.54459E-020  1.00000E-040  2.10877E-038  2.79433E-024  3.35100E-035  2.97244E-014  3.52417E-037  1.66458E-034  3.20581E-022  6.42384E-018  1.28894E-028  5.40809E-031  2.27122E-029  2.38034E-016  2.33695E-016  1.79558E-013  2.72995E-027  8.01555E-021  1.00000E-040  2.43246E-016  1.25742E-036  2.84046E-022  9.19501E-030  1.17799E-022  3.47454E-024  6.51131E-013  4.03462E-022  1.30757E-016  4.33444E-033  4.31810E-017  1.00000E-040  3.01064E-031  3.05834E-021  1.00000E-040  2.78350E-025  6.95230E-012  1.78542E-034  1.00000E-003  1.00000E-005  1.00000E-005  1.00000E-004  1.00000E-005  1.00000E-005  1.00000E-005  1.00000E-005  1.00000E-005  1.00000E-005  1.00000E-005  1.00000E-005  1.00000E-005  1.00000E-005  1.00000E-005  1.00000E-005  
3.45000E+001  6.43553E-003  1.92424E+017  2.42238E+002  2.19773E+004  1.00000E-040  1.00000E-040  1.00000E-040  6.38650E-030  1.00000E-040  1.00000E-040  1.00000E-040  1.00000E-040  1.00000E-040  1.00000E-040  1.00000E-040  1.00000E-040  1.00000E-040  1.00000E-040  1.11563E-022  1.00000E-040  1.00838E-040  5.95053E-017  9.07157E-007  7.07717E-006  2.93024E-011  3.74395E-010  2.11965E-001  1.69503E-008  4.04894E-004  3.72258E-020  8.64554E-011  1.00000E-040  1.00000E-040  1.69535E-026  6.13093E-016  7.75725E-007  4.35661E-022  3.19830E-028  6.27020E-034  7.14888E-033  2.53045E-038  1.87758E-019  6.07276E-020  1.38874E-015  6.14024E-012  8.07054E-038  1.00000E-040  4.50001E-012  9.50350E-034  4.47649E-011  6.13235E-022  7.87615E-001  2.08755E-022  2.06571E-022  5.45553E-019  1.00000E-040  7.58060E-039  2.43413E-026  1.61259E-021  5.79622E-009  5.38572E-016  7.17306E-011  3.38123E-016  4.75079E-008  2.02430E-010  6.76097E-006  8.09242E-009  2.39936E-012  3.68217E-016  2.25246E-010  3.39809E-009  7.08320E-011  7.16828E-017  4.14696E-020  5.21440E-028  4.29424E-017  1.36847E-033  5.99085E-010  1.21625E-017  8.02729E-014  7.69161E-021  2.55509E-020  1.19989E-040  4.38098E-038  2.58895E-024  3.65924E-035  3.12399E-014  6.31972E-037  3.26355E-034  4.67949E-022  6.95821E-018  2.97768E-028  9.18258E-031  1.30302E-029  1.98728E-016  2.87247E-016  1.55532E-013  3.57820E-027  4.00148E-021  1.00000E-040  1.92485E-016  2.01762E-036  4.25180E-022  1.08549E-029  1.17779E-022  4.05259E-024  6.74399E-013  3.60303E-022  1.80947E-016  6.58110E-035  4.25654E-017  1.17079E-038  3.51490E-031  5.14002E-021  1.00000E-040  3.52765E-025  6.01740E-012  8.36058E-035  1.00000E-003  1.00000E-005  1.00000E-005  1.00000E-004  1.00000E-005  1.00000E-005  1.00000E-005  1.00000E-005  1.00000E-005  1.00000E-005  1.00000E-005  1.00000E-005  1.00000E-005  1.00000E-005  1.00000E-005  1.00000E-005  
3.55000E+001  5.60239E-003  1.65491E+017  2.45198E+002  2.44540E+004  1.00000E-040  1.00000E-040  1.00000E-040  1.47370E-029  1.00000E-040  1.00000E-040  1.00000E-040  1.00000E-040  1.00000E-040  1.00000E-040  1.00000E-040  1.00000E-040  1.00000E-040  1.00000E-040  1.12763E-022  1.00000E-040  1.00875E-040  1.06485E-016  8.53226E-007  7.25789E-006  3.88287E-011  5.49015E-010  2.11960E-001  1.69330E-008  4.04917E-004  5.03198E-020  9.05714E-011  6.08866E-038  2.55249E-040  3.58164E-026  9.46278E-016  7.11686E-007  4.42626E-022  1.28165E-028  6.55221E-033  7.50724E-032  2.52735E-038  1.72441E-019  7.16560E-020  1.38065E-015  4.74941E-012  1.28432E-037  1.00000E-040  2.11909E-012  1.72542E-033  4.45048E-011  9.27389E-022  7.87620E-001  2.40908E-022  2.64661E-023  6.12983E-020  8.32046E-030  1.09841E-038  3.31125E-026  2.23358E-021  6.85081E-009  5.21888E-016  7.72402E-011  3.39094E-016  4.21331E-008  1.73752E-010  6.54641E-006  8.19724E-009  2.32445E-012  5.35039E-016  2.22089E-010  2.75546E-009  7.45725E-011  6.14383E-017  4.86779E-020  5.17948E-028  4.23682E-017  2.01858E-035  5.98996E-010  1.84208E-017  1.22324E-013  1.20673E-020  4.13988E-020  1.51537E-040  8.40428E-038  2.44928E-024  3.98128E-035  3.28813E-014  1.02259E-036  6.16847E-034  6.72039E-022  7.45618E-018  6.56595E-028  1.52746E-030  7.57646E-030  1.59137E-016  3.47314E-016  1.33239E-013  4.71377E-027  1.96755E-021  1.00000E-040  1.57274E-016  3.18537E-036  6.25620E-022  1.26180E-029  1.17756E-022  4.57567E-024  6.85084E-013  3.04913E-022  2.46921E-016  8.77862E-037  4.19213E-017  1.00000E-040  4.05662E-031  8.29682E-021  1.00000E-040  4.42781E-025  5.17284E-012  4.00347E-035  1.00000E-003  1.00000E-005  1.00000E-005  1.00000E-004  1.00000E-005  1.00000E-005  1.00000E-005  1.00000E-005  1.00000E-005  1.00000E-005  1.00000E-005  1.00000E-005  1.00000E-005  1.00000E-005  1.00000E-005  1.00000E-005  
3.65000E+001  4.88523E-003  1.42700E+017  2.47957E+002  2.74591E+004  1.00000E-040  1.00000E-040  1.00000E-040  3.46057E-029  1.00000E-040  1.00000E-040  1.00000E-040  1.00000E-040  1.00000E-040  1.00000E-040  1.00000E-040  1.00000E-040  1.00000E-040  1.00000E-040  1.13874E-022  1.00000E-040  1.00913E-040  1.94516E-016  8.00462E-007  7.43075E-006  5.11448E-011  8.01756E-010  2.11955E-001  1.67520E-008  4.04936E-004  6.68990E-020  9.34396E-011  4.04357E-038  6.39361E-040  7.32388E-026  1.42628E-015  6.50913E-007  4.26835E-022  3.15637E-029  1.00000E-040  1.00000E-040  2.52415E-038  1.55066E-019  8.23898E-020  1.29927E-015  3.54403E-012  1.82388E-037  1.00000E-040  9.32791E-013  3.02729E-033  4.42527E-011  1.35585E-021  7.87624E-001  2.77108E-022  3.43682E-024  6.97481E-021  3.76263E-030  1.57710E-038  4.40931E-026  2.99559E-021  7.96035E-009  4.92806E-016  8.23528E-011  3.38325E-016  3.73387E-008  1.47423E-010  6.32927E-006  8.07000E-009  2.21084E-012  7.59724E-016  2.16360E-010  2.21663E-009  7.69312E-011  5.22059E-017  5.65851E-020  5.13345E-028  4.20108E-017  2.80129E-037  5.98905E-010  2.74488E-017  1.82178E-013  1.85100E-020  6.54160E-020  1.96346E-040  1.49333E-037  2.30628E-024  4.57607E-035  3.47197E-014  1.52980E-036  1.11986E-033  9.44231E-022  7.88164E-018  1.39601E-027  2.45225E-030  4.69015E-030  1.22769E-016  4.14454E-016  1.13021E-013  6.24798E-027  9.58978E-022  1.00000E-040  1.31895E-016  4.89096E-036  9.00348E-022  1.42212E-029  1.17729E-022  4.96492E-024  6.82921E-013  2.48558E-022  3.33325E-016  1.09670E-038  4.12574E-017  1.00000E-040  4.88006E-031  1.29802E-020  1.00000E-040  5.57740E-025  4.42412E-012  2.15189E-035  1.00000E-003  1.00000E-005  1.00000E-005  1.00000E-004  1.00000E-005  1.00000E-005  1.00000E-005  1.00000E-005  1.00000E-005  1.00000E-005  1.00000E-005  1.00000E-005  1.00000E-005  1.00000E-005  1.00000E-005  1.00000E-005  
3.75000E+001  4.26627E-003  1.23371E+017  2.50467E+002  3.04631E+004  1.00000E-040  1.00000E-040  1.00000E-040  8.15706E-029  1.00000E-040  1.00000E-040  1.00000E-040  1.00000E-040  1.00000E-040  1.00000E-040  1.00000E-040  1.00000E-040  1.00000E-040  1.00000E-040  1.14881E-022  1.00000E-040  1.00952E-040  3.64846E-016  7.49201E-007  7.59511E-006  6.71613E-011  1.16738E-009  2.11950E-001  1.64180E-008  4.04951E-004  8.77215E-020  9.50182E-011  3.82143E-037  1.57147E-039  1.45559E-025  2.10262E-015  5.93568E-007  3.97096E-022  1.00000E-040  1.00000E-040  1.00000E-040  2.52085E-038  1.37074E-019  9.29129E-020  1.17742E-015  2.58657E-012  2.38000E-037  1.00000E-040  3.84642E-013  5.13056E-033  4.40081E-011  1.93037E-021  7.87629E-001  3.18803E-022  6.98821E-025  1.01121E-021  2.42988E-029  2.26939E-038  5.73564E-026  3.89590E-021  9.11394E-009  4.55248E-016  8.69321E-011  3.36674E-016  3.30913E-008  1.23651E-010  6.11786E-006  7.73357E-009  2.06523E-012  1.06981E-015  2.08785E-010  1.77284E-009  7.84025E-011  4.37529E-017  6.49819E-020  5.08346E-028  4.20694E-017  4.37315E-039  5.98811E-010  4.02050E-017  2.66041E-013  2.77573E-020  1.00745E-019  2.57820E-040  2.45569E-037  2.18688E-024  5.56177E-035  3.68371E-014  2.15351E-036  1.96046E-033  1.29832E-021  8.17290E-018  2.87254E-027  3.78043E-030  3.46753E-030  9.23877E-017  4.89381E-016  9.51174E-014  8.30192E-027  4.63159E-022  1.00000E-040  1.14219E-016  7.32543E-036  1.26860E-021  1.55674E-029  1.17698E-022  5.20172E-024  6.66355E-013  1.98691E-022  4.46446E-016  1.53083E-040  4.05751E-017  1.00000E-040  6.10271E-031  1.97656E-020  1.00000E-040  7.07103E-025  3.76458E-012  1.43145E-035  1.00000E-003  1.00000E-005  1.00000E-005  1.00000E-004  1.00000E-005  1.00000E-005  1.00000E-005  1.00000E-005  1.00000E-005  1.00000E-005  1.00000E-005  1.00000E-005  1.00000E-005  1.00000E-005  1.00000E-005  1.00000E-005  
3.85000E+001  3.73074E-003  1.06908E+017  2.52755E+002  3.39411E+004  1.00000E-040  1.00000E-040  1.00000E-040  1.91989E-028  1.00000E-040  1.00000E-040  1.00000E-040  1.00000E-040  1.00000E-040  1.00000E-040  1.00000E-040  1.00000E-040  1.00000E-040  1.00000E-040  1.15797E-022  1.00000E-040  1.00993E-040  7.06262E-016  6.99628E-007  7.75082E-006  8.81896E-011  1.69816E-009  2.11945E-001  1.59499E-008  4.04961E-004  1.13922E-019  9.53977E-011  8.71064E-038  3.88288E-039  2.83356E-025  3.04464E-015  5.39623E-007  3.62383E-022  1.00000E-040  1.00000E-040  1.00000E-040  2.51745E-038  1.19604E-019  1.03383E-019  1.04408E-015  1.87283E-012  2.94093E-037  1.00000E-040  1.48627E-013  8.46106E-033  4.37697E-011  2.69170E-021  7.87635E-001  3.68216E-022  4.03801E-025  3.01994E-022  3.79016E-030  3.25117E-038  7.29769E-026  4.92836E-021  1.02990E-008  4.12425E-016  9.09214E-011  3.35264E-016  2.93395E-008  1.02521E-010  5.91185E-006  7.21895E-009  1.89732E-012  1.51445E-015  1.99772E-010  1.41004E-009  7.93163E-011  3.61014E-017  7.38627E-020  5.04992E-028  4.26810E-017  2.86625E-040  5.98713E-010  5.79013E-017  3.82686E-013  4.07465E-020  1.51438E-019  3.39502E-040  3.77151E-037  2.09271E-024  7.13361E-035  3.93160E-014  2.91429E-036  3.33063E-033  1.75025E-021  8.27372E-018  5.76818E-027  5.60189E-030  3.58909E-030  6.83439E-017  5.73341E-016  7.95136E-014  1.10579E-026  2.20959E-022  1.00000E-040  1.01953E-016  1.07341E-035  1.75360E-021  1.65809E-029  1.17659E-022  5.28624E-024  6.35997E-013  1.58372E-022  5.95167E-016  1.00000E-040  3.98750E-017  1.00000E-040  7.85707E-031  2.95277E-020  1.00000E-040  9.06863E-025  3.18559E-012  1.21401E-035  1.00000E-003  1.00000E-005  1.00000E-005  1.00000E-004  1.00000E-005  1.00000E-005  1.00000E-005  1.00000E-005  1.00000E-005  1.00000E-005  1.00000E-005  1.00000E-005  1.00000E-005  1.00000E-005  1.00000E-005  1.00000E-005  
3.95000E+001  3.26644E-003  9.28049E+016  2.54930E+002  3.79473E+004  1.00000E-040  1.00000E-040  1.00000E-040  4.50413E-028  1.00000E-040  1.00000E-040  1.00000E-040  1.00000E-040  1.00000E-040  1.00000E-040  1.00000E-040  1.00000E-040  1.00000E-040  1.00000E-040  1.16662E-022  1.00000E-040  1.01035E-040  1.41702E-015  6.52280E-007  7.89670E-006  1.16103E-010  2.47531E-009  2.11940E-001  1.53779E-008  4.04966E-004  1.47431E-019  9.48629E-011  2.19295E-037  1.00361E-038  5.46427E-025  4.36279E-015  4.89412E-007  3.31163E-022  3.79363E-031  1.00000E-040  1.86351E-034  2.51395E-038  1.03610E-019  1.14272E-019  9.22041E-016  1.37046E-012  3.55821E-037  1.00000E-040  5.41575E-014  1.37803E-032  4.35384E-011  3.76984E-021  7.87640E-001  4.28585E-022  4.00539E-025  1.73579E-022  6.51802E-030  4.62374E-038  9.07731E-026  6.06487E-021  1.14964E-008  3.66815E-016  9.43539E-011  3.35319E-016  2.60548E-008  8.41010E-011  5.70530E-006  6.56195E-009  1.71805E-012  2.19256E-015  1.89412E-010  1.11372E-009  7.98759E-011  2.94137E-017  8.35919E-020  5.06648E-028  4.39177E-017  1.53987E-040  5.98612E-010  8.18527E-017  5.44105E-013  5.85149E-020  2.22217E-019  4.43452E-040  5.49153E-037  2.00285E-024  9.86106E-035  4.22418E-014  3.90226E-036  5.51238E-033  2.31288E-021  8.15674E-018  1.14506E-026  7.99081E-030  5.38215E-030  4.99581E-017  6.68665E-016  6.60861E-014  1.49493E-026  1.04232E-022  1.00000E-040  9.28570E-017  1.53829E-035  2.37684E-021  1.71824E-029  1.17608E-022  5.20597E-024  5.94572E-013  1.28275E-022  7.92099E-016  1.00000E-040  3.91629E-017  5.07576E-037  1.05199E-030  4.37614E-020  1.00000E-040  1.18703E-024  2.68280E-012  1.27606E-035  1.00000E-003  1.00000E-005  1.00000E-005  1.00000E-004  1.00000E-005  1.00000E-005  1.00000E-005  1.00000E-005  1.00000E-005  1.00000E-005  1.00000E-005  1.00000E-005  1.00000E-005  1.00000E-005  1.00000E-005  1.00000E-005  
4.05000E+001  2.86320E-003  8.06999E+016  2.56978E+002  4.19524E+004  1.00000E-040  1.00000E-040  1.00000E-040  1.05224E-027  1.00000E-040  1.00000E-040  1.00000E-040  1.00000E-040  1.00000E-040  1.00000E-040  1.00000E-040  1.00000E-040  1.00000E-040  1.00000E-040  1.17474E-022  1.00000E-040  1.01078E-040  2.94068E-015  6.07299E-007  8.03280E-006  1.53515E-010  3.62035E-009  2.11935E-001  1.47243E-008  4.04966E-004  1.90479E-019  9.34070E-011  4.62715E-037  2.82748E-038  1.04681E-024  6.19375E-015  4.42835E-007  3.08946E-022  1.00000E-040  1.00000E-040  1.00000E-040  2.51035E-038  9.01293E-020  1.27113E-019  8.27527E-016  1.03221E-012  4.32169E-037  1.00000E-040  1.86410E-014  2.21868E-032  4.33131E-011  6.44074E-021  7.87645E-001  5.04138E-022  4.40700E-025  1.23421E-022  9.36543E-030  6.49143E-038  1.10187E-025  7.26839E-021  1.26873E-008  3.20677E-016  9.72015E-011  3.37381E-016  2.31791E-008  6.83745E-011  5.49623E-006  5.79754E-009  1.52953E-012  3.21903E-015  1.78098E-010  8.71578E-010  8.02108E-011  2.36559E-017  9.42261E-020  5.14540E-028  4.59652E-017  1.19945E-040  5.98507E-010  1.13537E-016  7.65698E-013  8.21617E-020  3.18120E-019  5.69573E-040  7.58337E-037  1.92077E-024  1.45972E-034  4.57501E-014  5.27678E-036  8.91176E-033  2.99562E-021  7.79262E-018  2.25331E-026  1.09445E-029  1.01063E-029  3.65691E-017  7.77344E-016  5.46778E-014  2.22142E-026  4.84361E-023  1.00000E-040  8.64900E-017  2.15728E-035  3.15770E-021  1.73162E-029  1.17541E-022  4.98033E-024  5.43379E-013  1.07750E-022  1.05481E-015  1.00000E-040  3.84399E-017  1.00000E-040  1.44317E-030  6.45175E-020  1.00000E-040  1.57921E-024  2.24777E-012  1.64837E-035  1.00000E-003  1.00000E-005  1.00000E-005  1.00000E-004  1.00000E-005  1.00000E-005  1.00000E-005  1.00000E-005  1.00000E-005  1.00000E-005  1.00000E-005  1.00000E-005  1.00000E-005  1.00000E-005  1.00000E-005  1.00000E-005  
4.15000E+001  2.51238E-003  7.02994E+016  2.58851E+002  4.64327E+004  1.00000E-040  1.00000E-040  1.00000E-040  2.44674E-027  1.00000E-040  1.00000E-040  1.00000E-040  1.00000E-040  1.00000E-040  1.00000E-040  1.00000E-040  1.00000E-040  1.00000E-040  1.00000E-040  1.18216E-022  1.00000E-040  1.01122E-040  6.27233E-015  5.64812E-007  8.15921E-006  2.03806E-010  5.31517E-009  2.11929E-001  1.40091E-008  4.04961E-004  2.45416E-019  9.09065E-011  4.12479E-037  8.91900E-038  1.98624E-024  8.69135E-015  3.99778E-007  3.00414E-022  2.79909E-029  5.49000E-032  6.23224E-031  2.50663E-038  7.98479E-020  1.44337E-019  7.72388E-016  8.16627E-013  5.37990E-037  1.00000E-040  6.05693E-015  3.51619E-032  4.30931E-011  2.14270E-020  7.87651E-001  5.99868E-022  4.91419E-025  9.30139E-023  5.66578E-030  3.87779E-037  1.29639E-025  8.46231E-021  1.38445E-008  2.75356E-016  9.94996E-011  3.41296E-016  2.06563E-008  5.53460E-011  5.28584E-006  4.96646E-009  1.33426E-012  4.71220E-015  1.66165E-010  6.73146E-010  8.03982E-011  1.87640E-017  1.05645E-019  5.28204E-028  4.89828E-017  1.00000E-040  5.98398E-010  1.54234E-016  1.06522E-012  1.12452E-019  4.42947E-019  7.11569E-040  9.84757E-037  1.83240E-024  2.32819E-034  4.99954E-014  7.33825E-036  1.40288E-032  3.79075E-021  7.17968E-018  4.38009E-026  1.43877E-029  2.07606E-029  2.72319E-017  8.99817E-016  4.50797E-014  4.91267E-026  2.20495E-023  1.00000E-040  8.26988E-017  2.94469E-035  4.09674E-021  1.68793E-029  1.17448E-022  4.62080E-024  4.83827E-013  9.58623E-023  1.40675E-015  1.00000E-040  3.77068E-017  1.36467E-036  2.02635E-030  9.43322E-020  1.00000E-040  2.11553E-024  1.87286E-012  2.72985E-035  1.00000E-003  1.00000E-005  1.00000E-005  1.00000E-004  1.00000E-005  1.00000E-005  1.00000E-005  1.00000E-005  1.00000E-005  1.00000E-005  1.00000E-005  1.00000E-005  1.00000E-005  1.00000E-005  1.00000E-005  1.00000E-005  
4.25000E+001  2.20662E-003  6.13450E+016  2.60534E+002  5.19134E+004  1.00000E-040  1.00000E-040  1.00000E-040  5.66298E-027  1.00000E-040  1.00000E-040  1.00000E-040  1.00000E-040  1.00000E-040  1.00000E-040  1.00000E-040  1.00000E-040  1.00000E-040  1.00000E-040  1.18878E-022  1.00000E-040  1.01168E-040  1.36162E-014  5.25405E-007  8.27466E-006  2.70805E-010  7.82627E-009  2.11924E-001  1.32655E-008  4.04951E-004  3.14605E-019  8.73480E-011  1.00000E-040  3.09648E-037  3.70811E-024  1.20146E-014  3.60595E-007  3.11482E-022  1.07730E-029  2.75993E-032  3.11507E-031  2.50282E-038  7.29314E-020  1.69004E-019  7.67856E-016  6.93956E-013  6.99506E-037  1.00000E-040  1.87011E-015  5.46426E-032  4.28802E-011  1.17448E-019  7.87657E-001  7.20881E-022  5.43807E-025  7.22117E-023  1.00000E-040  2.22614E-037  1.45920E-025  9.48663E-021  1.49283E-008  2.31755E-016  1.01393E-010  3.46042E-016  1.84611E-008  4.49848E-011  5.07519E-006  4.11767E-009  1.13712E-012  6.80453E-015  1.53755E-010  5.10225E-010  8.04826E-011  1.47406E-017  1.17800E-019  5.45614E-028  5.29142E-017  1.00000E-040  5.98286E-010  2.04036E-016  1.45859E-012  1.48889E-019  5.95649E-019  8.50422E-040  1.18832E-036  1.75642E-024  3.99750E-034  5.50749E-014  1.06975E-035  2.12423E-032  4.64922E-021  6.37376E-018  8.35427E-026  1.75609E-029  4.38086E-029  2.08976E-017  1.03380E-015  3.70891E-014  1.91696E-025  9.84934E-024  1.00000E-040  8.09668E-017  3.85263E-035  5.14420E-021  1.57276E-029  1.17316E-022  4.11561E-024  4.18548E-013  9.21023E-023  1.87638E-015  1.00000E-040  3.69731E-017  1.00000E-040  2.89764E-030  1.35849E-019  1.00000E-040  2.83287E-024  1.55495E-012  2.08795E-035  1.00000E-003  1.00000E-005  1.00000E-005  1.00000E-004  1.00000E-005  1.00000E-005  1.00000E-005  1.00000E-005  1.00000E-005  1.00000E-005  1.00000E-005  1.00000E-005  1.00000E-005  1.00000E-005  1.00000E-005  1.00000E-005  
4.35000E+001  1.93970E-003  5.36120E+016  2.62053E+002  5.83952E+004  1.00000E-040  1.00000E-040  1.00000E-040  1.30511E-026  1.00000E-040  1.00000E-040  1.00000E-040  1.00000E-040  1.00000E-040  1.00000E-040  1.00000E-040  1.00000E-040  1.00000E-040  1.00000E-040  1.19457E-022  1.00000E-040  1.01215E-040  2.96739E-014  4.89675E-007  8.37787E-006  3.57886E-010  1.15230E-008  2.11918E-001  1.25318E-008  4.04935E-004  3.99682E-019  8.28017E-011  8.68411E-037  1.13452E-036  6.73585E-024  1.62768E-014  3.25631E-007  3.49159E-022  7.37920E-030  2.48632E-032  2.78566E-031  2.49895E-038  6.87462E-020  2.03294E-019  8.24203E-016  6.41974E-013  9.55940E-037  1.00000E-040  5.54694E-016  8.30136E-032  4.26765E-011  6.34547E-019  7.87663E-001  8.71436E-022  5.93437E-025  5.73035E-023  5.46817E-030  1.48824E-037  1.54851E-025  1.01181E-020  1.58937E-008  1.90659E-016  1.03107E-010  3.49614E-016  1.65705E-008  3.71134E-011  4.86222E-006  3.30393E-009  9.43696E-013  9.66237E-015  1.40938E-010  3.77081E-010  8.04918E-011  1.15780E-017  1.30870E-019  5.63136E-028  5.73194E-017  1.00000E-040  5.98171E-010  2.60995E-016  1.95264E-012  1.88925E-019  7.67005E-019  9.53722E-040  1.31735E-036  1.68977E-024  7.26631E-034  6.09305E-014  1.64854E-035  3.03872E-032  5.47252E-021  5.46920E-018  1.54683E-025  2.00019E-029  9.23409E-029  1.65396E-017  1.17144E-015  3.04949E-014  8.77792E-025  4.35042E-024  1.00000E-040  8.03931E-017  4.72946E-035  6.18478E-021  1.38572E-029  1.17126E-022  3.46640E-024  3.50905E-013  9.61888E-023  2.49303E-015  1.00000E-040  3.62509E-017  1.00000E-040  4.16332E-030  1.90474E-019  1.00000E-040  3.77104E-024  1.29083E-012  1.42426E-035  1.00000E-003  1.00000E-005  1.00000E-005  1.00000E-004  1.00000E-005  1.00000E-005  1.00000E-005  1.00000E-005  1.00000E-005  1.00000E-005  1.00000E-005  1.00000E-005  1.00000E-005  1.00000E-005  1.00000E-005  1.00000E-005  
4.45000E+001  1.70634E-003  4.69219E+016  2.63395E+002  6.44515E+004  1.00000E-040  1.00000E-040  1.00000E-040  2.99574E-026  1.00000E-040  1.00000E-040  1.00000E-040  1.00000E-040  1.00000E-040  1.00000E-040  1.00000E-040  1.00000E-040  1.00000E-040  1.00000E-040  1.19891E-022  1.00000E-040  1.01262E-040  6.37521E-014  4.57615E-007  8.46932E-006  4.66518E-010  1.68661E-008  2.11912E-001  1.18324E-008  4.04915E-004  4.99248E-019  7.72386E-011  1.00000E-040  4.09375E-036  1.16830E-023  2.13849E-014  2.94651E-007  4.21585E-022  1.00000E-040  1.00000E-040  1.00000E-040  2.49499E-038  6.62078E-020  2.47129E-019  9.53063E-016  6.43897E-013  1.35161E-036  1.00000E-040  1.58284E-016  1.22184E-031  4.24814E-011  2.90977E-018  7.87669E-001  1.05347E-021  6.36058E-025  4.61779E-023  1.00000E-040  1.76942E-037  1.53340E-025  1.01604E-020  1.67012E-008  1.52926E-016  1.04876E-010  3.49148E-016  1.49353E-008  3.13808E-011  4.64275E-006  2.57085E-009  7.58948E-013  1.33842E-014  1.27921E-010  2.69996E-010  8.04444E-011  9.17779E-018  1.44938E-019  5.73977E-028  6.13883E-017  1.00000E-040  5.98053E-010  3.20744E-016  2.53521E-012  2.27758E-019  9.38019E-019  9.84967E-040  1.32079E-036  1.62815E-024  1.36310E-033  6.73003E-014  2.64764E-035  4.02975E-032  6.12734E-021  4.55506E-018  2.72805E-025  2.09961E-029  1.89959E-028  1.33805E-017  1.29575E-015  2.50746E-014  3.55412E-024  1.90549E-024  1.00000E-040  8.03270E-017  5.35132E-035  7.05202E-021  1.15780E-029  1.16853E-022  2.72750E-024  2.84088E-013  1.07876E-022  3.27928E-015  1.00000E-040  3.55421E-017  1.00000E-040  5.93721E-030  2.55193E-019  1.00000E-040  4.93494E-024  1.07307E-012  1.18194E-035  1.00000E-003  1.00000E-005  1.00000E-005  1.00000E-004  1.00000E-005  1.00000E-005  1.00000E-005  1.00000E-005  1.00000E-005  1.00000E-005  1.00000E-005  1.00000E-005  1.00000E-005  1.00000E-005  1.00000E-005  1.00000E-005  
4.55000E+001  1.50205E-003  4.11200E+016  2.64574E+002  7.13583E+004  1.00000E-040  1.00000E-040  1.00000E-040  6.85168E-026  1.00000E-040  1.00000E-040  1.00000E-040  1.00000E-040  1.00000E-040  1.00000E-040  1.00000E-040  1.00000E-040  1.00000E-040  1.00000E-040  1.20032E-022  1.00000E-040  1.01312E-040  1.32668E-013  4.29148E-007  8.54961E-006  5.94819E-010  2.43758E-008  2.11906E-001  1.11871E-008  4.04889E-004  6.08762E-019  7.07870E-011  2.86410E-036  1.37090E-035  1.89959E-023  2.69716E-014  2.67380E-007  5.39189E-022  6.00482E-030  3.34863E-032  3.69846E-031  2.49092E-038  6.42116E-020  2.97214E-019  1.16847E-015  6.88179E-013  1.92299E-036  1.00000E-040  4.34122E-017  1.73087E-031  4.22945E-011  1.12257E-017  7.87675E-001  1.26662E-021  6.69994E-025  3.75777E-023  8.48418E-030  1.97425E-037  1.40853E-025  9.51145E-021  1.73238E-008  1.19558E-016  1.06926E-010  3.41986E-016  1.35129E-008  2.73249E-011  4.41013E-006  1.94915E-009  5.89441E-013  1.80234E-014  1.14942E-010  1.86512E-010  8.03521E-011  7.42246E-018  1.60322E-019  5.71375E-028  6.39883E-017  1.00000E-040  5.97931E-010  3.75824E-016  3.16603E-012  2.58513E-019  1.08011E-018  9.20302E-040  1.18368E-036  1.57163E-024  2.56171E-033  7.36803E-014  4.31519E-035  4.86513E-032  6.46861E-021  3.71077E-018  4.50048E-025  2.02075E-029  3.74708E-028  1.09198E-017  1.38401E-015  2.06274E-014  1.19641E-023  8.30596E-025  1.00000E-040  7.99366E-017  5.50147E-035  7.55713E-021  9.38576E-030  1.16468E-022  1.98250E-024  2.21677E-013  1.26574E-022  4.24138E-015  1.00000E-040  3.48484E-017  6.09605E-036  8.31414E-030  3.20858E-019  1.00000E-040  6.29736E-024  8.94822E-013  1.01903E-035  1.00000E-003  1.00000E-005  1.00000E-005  1.00000E-004  1.00000E-005  1.00000E-005  1.00000E-005  1.00000E-005  1.00000E-005  1.00000E-005  1.00000E-005  1.00000E-005  1.00000E-005  1.00000E-005  1.00000E-005  1.00000E-005  
4.65000E+001  1.32297E-003  3.60782E+016  2.65596E+002  7.98999E+004  1.00000E-040  1.00000E-040  1.00000E-040  1.56203E-025  1.00000E-040  1.00000E-040  1.00000E-040  1.00000E-040  1.00000E-040  1.00000E-040  1.00000E-040  1.00000E-040  1.00000E-040  1.00000E-040  1.19565E-022  1.00000E-040  1.01362E-040  2.63755E-013  4.04524E-007  8.61837E-006  7.37273E-010  3.45762E-008  2.11900E-001  1.06190E-008  4.04858E-004  7.22178E-019  6.38099E-011  7.16575E-036  4.09522E-035  2.85791E-023  3.24292E-014  2.43896E-007  7.13165E-022  5.02053E-030  3.51035E-032  3.83763E-031  2.48677E-038  6.20671E-020  3.48269E-019  1.48464E-015  7.64701E-013  2.66991E-036  1.00000E-040  1.15905E-017  2.34785E-031  4.21178E-011  3.70484E-017  7.87682E-001  1.50958E-021  6.94953E-025  3.08260E-023  1.49354E-029  2.07405E-037  1.20119E-025  8.23881E-021  1.77554E-008  9.15747E-017  1.09413E-010  3.26736E-016  1.22873E-008  2.44619E-011  4.16136E-006  1.44972E-009  4.41966E-013  2.34710E-014  1.02331E-010  1.24501E-010  8.02256E-011  6.19298E-018  1.77277E-019  5.50371E-028  6.41223E-017  1.00000E-040  5.97808E-010  4.16508E-016  3.77435E-012  2.73911E-019  1.16119E-018  7.70152E-040  9.41025E-037  1.52025E-024  4.69510E-033  7.94511E-014  6.92028E-035  5.27536E-032  6.38851E-021  2.99348E-018  6.85592E-025  1.78832E-029  6.99231E-028  8.92395E-018  1.41708E-015  1.70045E-014  3.35941E-023  3.66092E-025  1.00000E-040  7.86597E-017  5.11262E-035  7.55310E-021  7.73885E-030  1.15951E-022  1.32146E-024  1.66928E-013  1.50645E-022  5.36423E-015  1.00000E-040  3.41820E-017  3.44470E-036  1.13469E-029  3.73722E-019  1.00000E-040  7.81612E-024  7.52007E-013  8.72493E-036  1.00000E-003  1.00000E-005  1.00000E-005  1.00000E-004  1.00000E-005  1.00000E-005  1.00000E-005  1.00000E-005  1.00000E-005  1.00000E-005  1.00000E-005  1.00000E-005  1.00000E-005  1.00000E-005  1.00000E-005  1.00000E-005  
4.75000E+001  1.16582E-003  3.16863E+016  2.66488E+002  8.79090E+004  1.00000E-040  1.00000E-040  1.00000E-040  3.55109E-025  1.00000E-040  1.00000E-040  1.00000E-040  1.00000E-040  1.00000E-040  1.00000E-040  1.00000E-040  1.00000E-040  1.00000E-040  1.00000E-040  1.17994E-022  1.00000E-040  1.01413E-040  4.97399E-013  3.83550E-007  8.67639E-006  8.86068E-010  4.79513E-008  2.11894E-001  1.01345E-008  4.04822E-004  8.33113E-019  5.66862E-011  1.85628E-036  1.07111E-034  3.95541E-023  3.70403E-014  2.23895E-007  9.54577E-022  1.68120E-030  1.43972E-032  1.55508E-031  2.48252E-038  5.95881E-020  3.95572E-019  1.91352E-015  8.63888E-013  3.53304E-036  1.00000E-040  3.03325E-018  3.05011E-031  4.19516E-011  1.06558E-016  7.87688E-001  1.78308E-021  7.12434E-025  2.54814E-023  2.78493E-030  2.08006E-037  9.60729E-026  6.60106E-021  1.80087E-008  6.93154E-017  1.12393E-010  3.03941E-016  1.12300E-008  2.23468E-011  3.89746E-006  1.06573E-009  3.21037E-013  2.94461E-014  9.03686E-011  8.06184E-011  8.00748E-011  5.35656E-018  1.96145E-019  5.11553E-028  6.13473E-017  1.00000E-040  5.97683E-010  4.35035E-016  4.28154E-012  2.70158E-019  1.16205E-018  5.77537E-040  6.65224E-037  1.47344E-024  8.24202E-033  8.40136E-014  1.06523E-034  5.12373E-032  5.89217E-021  2.41873E-018  9.59189E-025  1.47354E-029  1.22775E-027  7.31061E-018  1.38462E-015  1.40486E-014  7.99354E-023  1.64991E-025  1.00000E-040  7.61228E-017  4.32545E-035  7.03147E-021  6.83547E-030  1.15295E-022  8.08372E-025  1.21573E-013  1.77269E-022  6.61203E-015  1.00000E-040  3.35478E-017  8.18896E-036  1.50420E-029  4.00986E-019  1.00000E-040  9.44566E-024  6.38680E-013  7.33779E-036  1.00000E-003  1.00000E-005  1.00000E-005  1.00000E-004  1.00000E-005  1.00000E-005  1.00000E-005  1.00000E-005  1.00000E-005  1.00000E-005  1.00000E-005  1.00000E-005  1.00000E-005  1.00000E-005  1.00000E-005  1.00000E-005  
4.85000E+001  1.02778E-003  2.78622E+016  2.67177E+002  9.68710E+004  1.00000E-040  1.00000E-040  1.00000E-040  8.05097E-025  1.00000E-040  1.00000E-040  1.00000E-040  1.00000E-040  1.00000E-040  1.00000E-040  1.00000E-040  1.00000E-040  1.00000E-040  1.00000E-040  1.14690E-022  1.00000E-040  1.01467E-040  8.88010E-013  3.65854E-007  8.72489E-006  1.03391E-009  6.49160E-008  2.11887E-001  9.72690E-009  4.04781E-004  9.35118E-019  4.97312E-011  1.00000E-040  2.43781E-034  5.02932E-023  4.01085E-014  2.06948E-007  1.27300E-021  1.00000E-040  1.00000E-040  1.00000E-040  2.47815E-038  5.70483E-020  4.38066E-019  2.47135E-015  9.76313E-013  4.39269E-036  1.00000E-040  7.80721E-019  3.77572E-031  4.17954E-011  2.72841E-016  7.87695E-001  2.08774E-021  7.20142E-025  2.12446E-023  1.00000E-040  2.03175E-037  7.32775E-026  4.91699E-021  1.81074E-008  5.25586E-017  1.15807E-010  2.75578E-016  1.03126E-008  2.06699E-011  3.62861E-006  7.79119E-010  2.27245E-013  3.51354E-014  7.93552E-011  5.09704E-011  7.99095E-011  4.78230E-018  2.16246E-019  4.57894E-028  5.61645E-017  1.00000E-040  5.97555E-010  4.28009E-016  4.61834E-012  2.48173E-019  1.08268E-018  3.91733E-040  4.17833E-037  1.43053E-024  1.37272E-032  8.70831E-014  1.54566E-034  4.48313E-032  5.08202E-021  1.97242E-018  1.22977E-024  1.14938E-029  2.01550E-027  6.07171E-018  1.29116E-015  1.16384E-014  1.64332E-022  7.65542E-026  1.00000E-040  7.30233E-017  3.40041E-035  6.10897E-021  6.52967E-030  1.14508E-022  4.58193E-025  8.58580E-014  2.03502E-022  7.94406E-015  1.00000E-040  3.29478E-017  1.00000E-040  1.93494E-029  3.95923E-019  1.00000E-040  1.10869E-023  5.49004E-013  6.09451E-036  1.00000E-003  1.00000E-005  1.00000E-005  1.00000E-004  1.00000E-005  1.00000E-005  1.00000E-005  1.00000E-005  1.00000E-005  1.00000E-005  1.00000E-005  1.00000E-005  1.00000E-005  1.00000E-005  1.00000E-005  1.00000E-005  
4.95000E+001  9.06353E-004  2.45310E+016  2.67608E+002  1.06883E+005  1.00000E-040  1.00000E-040  1.00000E-040  1.82083E-024  1.00000E-040  1.00000E-040  1.00000E-040  1.00000E-040  1.00000E-040  1.00000E-040  1.00000E-040  1.00000E-040  1.00000E-040  1.00000E-040  1.09134E-022  1.00000E-040  1.01521E-040  1.50745E-012  3.51183E-007  8.76470E-006  1.17621E-009  8.59276E-008  2.11881E-001  9.38889E-009  4.04736E-004  1.02554E-018  4.32755E-011  1.00000E-040  4.87810E-034  5.91731E-023  4.13179E-014  1.92775E-007  1.67402E-021  6.26583E-031  7.45267E-033  7.87498E-032  2.47366E-038  5.45683E-020  4.75549E-019  3.17222E-015  1.09176E-012  5.11024E-036  1.00000E-040  2.00547E-019  4.45140E-031  4.16500E-011  6.33683E-016  7.87702E-001  2.42592E-021  7.16774E-025  1.79059E-023  1.00000E-040  1.97348E-037  5.43291E-026  3.43771E-021  1.80797E-008  4.05825E-017  1.19566E-010  2.44518E-016  9.51968E-009  1.92523E-011  3.36739E-006  5.69048E-010  1.57911E-013  3.96070E-014  6.94676E-011  3.17779E-011  7.97410E-011  4.37448E-018  2.36558E-019  3.95855E-028  4.95769E-017  1.00000E-040  5.97426E-010  3.98395E-016  4.75160E-012  2.13592E-019  9.44538E-019  2.45286E-040  2.34946E-037  1.39130E-024  2.17015E-032  8.86948E-014  2.09846E-034  3.58070E-032  4.12434E-021  1.63205E-018  1.45438E-024  8.65043E-030  3.09677E-027  5.15137E-018  1.15479E-015  9.67943E-015  2.97772E-022  3.70538E-026  1.00000E-040  7.00677E-017  2.54739E-035  4.98654E-021  6.50196E-030  1.13614E-022  2.43878E-025  5.90475E-014  2.26601E-022  9.33108E-015  1.00000E-040  3.23897E-017  1.00000E-040  2.42136E-029  3.62303E-019  1.00000E-040  1.26710E-023  4.78751E-013  5.06429E-036  1.00000E-003  1.00000E-005  1.00000E-005  1.00000E-004  1.00000E-005  1.00000E-005  1.00000E-005  1.00000E-005  1.00000E-005  1.00000E-005  1.00000E-005  1.00000E-005  1.00000E-005  1.00000E-005  1.00000E-005  1.00000E-005  
5.05000E+001  7.99421E-004  2.16244E+016  2.67761E+002  1.12000E+005  1.00000E-040  1.00000E-040  1.00000E-040  4.10995E-024  1.00000E-040  1.00000E-040  1.00000E-040  1.00000E-040  1.00000E-040  1.00000E-040  1.00000E-040  1.00000E-040  1.00000E-040  1.00000E-040  1.01129E-022  1.00000E-040  1.01579E-040  2.45048E-012  3.38900E-007  8.79763E-006  1.31107E-009  1.11524E-007  2.11873E-001  9.10288E-009  4.04685E-004  1.10263E-018  3.74700E-011  1.00000E-040  8.72492E-034  6.50664E-023  4.07026E-014  1.80744E-007  2.16564E-021  1.00000E-040  1.00000E-040  1.00000E-040  2.46893E-038  5.22723E-020  5.09497E-019  4.03996E-015  1.20431E-012  5.59102E-036  1.00000E-040  5.12831E-020  5.01458E-031  4.15125E-011  1.35498E-015  7.87709E-001  2.79941E-021  7.02435E-025  1.52474E-023  1.00000E-040  1.93357E-037  3.97075E-026  2.28014E-021  1.79453E-008  3.23614E-017  1.23558E-010  2.13300E-016  8.81873E-009  1.79926E-011  3.12170E-006  4.16188E-010  1.08359E-013  4.22717E-014  6.06946E-011  1.96401E-011  7.95744E-011  4.06096E-018  2.56171E-019  3.32586E-028  4.25373E-017  1.00000E-040  5.97291E-010  3.53069E-016  4.68941E-012  1.73629E-019  7.77840E-019  1.44068E-040  1.19659E-037  1.35457E-024  3.27301E-032  8.90296E-014  2.67268E-034  2.65127E-032  3.17504E-021  1.37008E-018  1.60213E-024  6.37241E-030  4.47954E-027  4.49097E-018  9.96113E-016  8.07722E-015  4.83722E-022  1.86822E-026  1.00000E-040  6.76835E-017  1.85495E-035  3.85682E-021  6.47490E-030  1.12621E-022  1.23536E-025  3.96902E-014  2.45276E-022  1.07546E-014  1.00000E-040  3.18663E-017  1.00000E-040  2.95798E-029  3.10294E-019  1.00000E-040  1.41209E-023  4.22722E-013  4.24824E-036  1.00000E-003  1.00000E-005  1.00000E-005  1.00000E-004  1.00000E-005  1.00000E-005  1.00000E-005  1.00000E-005  1.00000E-005  1.00000E-005  1.00000E-005  1.00000E-005  1.00000E-005  1.00000E-005  1.00000E-005  1.00000E-005  
5.15000E+001  7.05140E-004  1.90833E+016  2.67633E+002  1.12000E+005  1.00000E-040  1.00000E-040  1.00000E-040  9.26409E-024  1.00000E-040  1.00000E-040  1.00000E-040  1.00000E-040  1.00000E-040  1.00000E-040  1.00000E-040  1.00000E-040  1.00000E-040  1.00000E-040  9.09240E-023  1.00000E-040  1.01643E-040  3.84284E-012  3.28263E-007  8.82574E-006  1.43853E-009  1.42362E-007  2.11866E-001  8.84795E-009  4.04626E-004  1.16438E-018  3.23295E-011  3.84788E-036  1.41904E-033  6.75347E-023  3.85474E-014  1.70115E-007  2.76215E-021  3.42115E-032  4.20465E-034  4.27220E-033  2.46370E-038  5.02686E-020  5.42353E-019  5.11515E-015  1.31231E-012  5.80591E-036  1.00000E-040  1.27326E-020  5.42114E-031  4.13771E-011  2.69856E-015  7.87717E-001  3.20730E-021  6.77900E-025  1.30765E-023  1.94015E-030  1.92106E-037  2.86945E-026  1.44356E-021  1.77077E-008  2.68792E-017  1.27672E-010  1.83647E-016  8.16984E-009  1.68383E-011  2.89532E-006  3.04873E-010  7.36914E-014  4.29246E-014  5.29116E-011  1.20288E-011  7.94088E-011  3.78905E-018  2.74297E-019  2.72534E-028  3.57267E-017  1.00000E-040  5.97142E-010  2.98779E-016  4.46082E-012  1.33901E-019  6.07464E-019  1.00000E-040  5.56556E-038  1.31853E-024  4.73863E-032  8.83281E-014  3.21729E-034  1.83951E-032  2.32861E-021  1.16285E-018  1.66031E-024  4.61025E-030  6.14393E-027  4.03812E-018  8.32982E-016  6.75131E-015  7.14246E-022  9.63745E-027  1.00000E-040  6.61350E-017  1.32346E-035  2.83943E-021  6.29730E-030  1.11502E-022  6.00290E-026  2.61521E-014  2.59632E-022  1.22059E-014  1.00000E-040  3.13603E-017  1.00000E-040  3.53855E-029  2.50984E-019  1.00000E-040  1.53346E-023  3.76078E-013  3.60668E-036  1.00000E-003  1.00000E-005  1.00000E-005  1.00000E-004  1.00000E-005  1.00000E-005  1.00000E-005  1.00000E-005  1.00000E-005  1.00000E-005  1.00000E-005  1.00000E-005  1.00000E-005  1.00000E-005  1.00000E-005  1.00000E-005  
5.25000E+001  6.21915E-004  1.68623E+016  2.67135E+002  1.12000E+005  1.00000E-040  1.00000E-040  1.00000E-040  2.08596E-023  1.00000E-040  1.00000E-040  1.00000E-040  1.00000E-040  1.00000E-040  1.00000E-040  1.00000E-040  1.00000E-040  1.00000E-040  1.00000E-040  7.91588E-023  1.00000E-040  1.01716E-040  5.84994E-012  3.18989E-007  8.84980E-006  1.56091E-009  1.79292E-007  2.11857E-001  8.61385E-009  4.04557E-004  1.20974E-018  2.78512E-011  1.00000E-040  2.12932E-033  6.67527E-023  3.52726E-014  1.60576E-007  3.47545E-021  1.00000E-040  1.00000E-040  1.00000E-040  2.45779E-038  4.86151E-020  5.76478E-019  6.45857E-015  1.41255E-012  5.76428E-036  1.00000E-040  3.04126E-021  5.60409E-031  4.12417E-011  5.07322E-015  7.87727E-001  3.63643E-021  6.41193E-025  1.12688E-023  1.00000E-040  1.93912E-037  2.05061E-026  8.77736E-022  1.73696E-008  2.33100E-017  1.31815E-010  1.56590E-016  7.55671E-009  1.57871E-011  2.69383E-006  2.23457E-010  4.97896E-014  4.14445E-014  4.60657E-011  7.32853E-012  7.92455E-011  3.52132E-018  2.88916E-019  2.18070E-028  2.96630E-017  1.00000E-040  5.96974E-010  2.42366E-016  4.10742E-012  9.84280E-020  4.52148E-019  1.00000E-040  2.36688E-038  1.28238E-024  6.62817E-032  8.69956E-014  3.67756E-034  1.20789E-032  1.63307E-021  9.92448E-019  1.63123E-024  3.27083E-030  7.99388E-027  3.75230E-018  6.80380E-016  5.65778E-015  9.72830E-022  5.04400E-027  1.00000E-040  6.62105E-017  9.32371E-036  1.99752E-021  5.93431E-030  1.10246E-022  2.82481E-026  1.69541E-014  2.70466E-022  1.37017E-014  1.00000E-040  3.08693E-017  1.00000E-040  4.15422E-029  1.93311E-019  1.00000E-040  1.61747E-023  3.36508E-013  3.11007E-036  1.00000E-003  1.00000E-005  1.00000E-005  1.00000E-004  1.00000E-005  1.00000E-005  1.00000E-005  1.00000E-005  1.00000E-005  1.00000E-005  1.00000E-005  1.00000E-005  1.00000E-005  1.00000E-005  1.00000E-005  1.00000E-005  
5.35000E+001  5.48356E-004  1.49186E+016  2.66226E+002  1.12000E+005  1.00000E-040  1.00000E-040  1.00000E-040  4.69492E-023  1.00000E-040  1.00000E-040  1.00000E-040  1.00000E-040  1.00000E-040  1.00000E-040  1.00000E-040  1.00000E-040  1.00000E-040  1.00000E-040  6.67161E-023  1.00000E-040  1.01798E-040  8.69724E-012  3.11058E-007  8.86988E-006  1.68120E-009  2.23470E-007  2.11846E-001  8.40048E-009  4.04476E-004  1.24057E-018  2.40200E-011  1.00000E-040  2.99439E-033  6.34558E-023  3.13904E-014  1.52066E-007  4.31623E-021  2.75238E-030  5.28634E-032  5.34468E-031  2.45112E-038  4.72384E-020  6.12630E-019  8.14009E-015  1.50142E-012  5.51391E-036  1.00000E-040  7.04668E-022  5.53766E-031  4.11072E-011  9.09768E-015  7.87737E-001  4.06976E-021  5.93221E-025  9.74312E-024  1.00000E-040  1.99154E-037  1.44972E-026  5.16945E-022  1.69375E-008  2.10005E-017  1.35935E-010  1.32660E-016  6.97892E-009  1.48421E-011  2.51877E-006  1.63684E-010  3.34685E-014  3.81580E-014  4.00796E-011  4.46346E-012  7.90869E-011  3.24267E-018  2.98475E-019  1.70240E-028  2.45335E-017  1.00000E-040  5.96784E-010  1.89916E-016  3.68179E-012  6.95419E-020  3.23563E-019  1.00000E-040  9.28176E-039  1.24619E-024  9.02084E-032  8.53573E-014  4.01710E-034  7.59572E-033  1.10314E-021  8.48002E-019  1.53367E-024  2.27468E-030  9.89619E-027  3.59249E-018  5.46943E-016  4.76241E-015  1.23904E-021  2.68319E-027  1.00000E-040  6.84640E-017  6.52250E-036  1.35278E-021  5.46476E-030  1.08862E-022  1.30030E-026  1.08606E-014  2.78438E-022  1.52701E-014  1.00000E-040  3.04026E-017  7.17162E-035  4.79978E-029  1.43118E-019  1.00000E-040  1.65932E-023  3.03036E-013  2.73455E-036  1.00000E-003  1.00000E-005  1.00000E-005  1.00000E-004  1.00000E-005  1.00000E-005  1.00000E-005  1.00000E-005  1.00000E-005  1.00000E-005  1.00000E-005  1.00000E-005  1.00000E-005  1.00000E-005  1.00000E-005  1.00000E-005  
5.45000E+001  4.83263E-004  1.32137E+016  2.64897E+002  1.12000E+005  1.00000E-040  1.00000E-040  1.00000E-040  1.05712E-022  1.00000E-040  1.00000E-040  1.00000E-040  1.00000E-040  1.00000E-040  1.00000E-040  1.00000E-040  1.00000E-040  1.00000E-040  1.00000E-040  5.44779E-023  1.00000E-040  1.01892E-040  1.26887E-011  3.04446E-007  8.88609E-006  1.80214E-009  2.76296E-007  2.11835E-001  8.21144E-009  4.04382E-004  1.25889E-018  2.07758E-011  1.00000E-040  3.99804E-033  5.85006E-023  2.73292E-014  1.44514E-007  5.30213E-021  5.04345E-030  1.06454E-031  1.06544E-030  2.44360E-038  4.60890E-020  6.51609E-019  1.02531E-014  1.57786E-012  5.12429E-036  1.00000E-040  1.59707E-022  5.23621E-031  4.09740E-011  1.56865E-014  7.87749E-001  4.48596E-021  5.36582E-025  8.43355E-024  1.00000E-040  2.08119E-037  1.01430E-026  2.97275E-022  1.64165E-008  1.94627E-017  1.39985E-010  1.11899E-016  6.43583E-009  1.39980E-011  2.36818E-006  1.19653E-010  2.23875E-014  3.36817E-014  3.48455E-011  2.72180E-012  7.89321E-011  2.95256E-018  3.02132E-019  1.29754E-028  2.03043E-017  1.00000E-040  5.96570E-010  1.44873E-016  3.23023E-012  4.76187E-020  2.24557E-019  1.00000E-040  3.39080E-039  1.21003E-024  1.20173E-031  8.36097E-014  4.22521E-034  4.62283E-033  7.23113E-022  7.22352E-019  1.39112E-024  1.55086E-030  1.16957E-026  3.53145E-018  4.35292E-016  4.03170E-015  1.49260E-021  1.45208E-027  1.00000E-040  7.34280E-017  4.54729E-036  8.88590E-022  4.98838E-030  1.07359E-022  5.90592E-027  6.90085E-015  2.84399E-022  1.69380E-014  1.00000E-040  2.99681E-017  1.00000E-040  5.47133E-029  1.02645E-019  1.00000E-040  1.65893E-023  2.74770E-013  2.45493E-036  1.00000E-003  1.00000E-005  1.00000E-005  1.00000E-004  1.00000E-005  1.00000E-005  1.00000E-005  1.00000E-005  1.00000E-005  1.00000E-005  1.00000E-005  1.00000E-005  1.00000E-005  1.00000E-005  1.00000E-005  1.00000E-005  
5.55000E+001  4.25604E-004  1.17133E+016  2.63174E+002  1.12000E+005  1.00000E-040  1.00000E-040  1.00000E-040  2.38347E-022  1.00000E-040  1.00000E-040  1.00000E-040  1.00000E-040  1.00000E-040  1.00000E-040  1.00000E-040  1.00000E-040  1.00000E-040  1.00000E-040  4.31579E-023  1.00000E-040  1.01997E-040  1.82383E-011  2.99128E-007  8.89855E-006  1.92595E-009  3.39487E-007  2.11821E-001  8.05341E-009  4.04275E-004  1.26713E-018  1.80425E-011  8.74147E-036  5.12475E-033  5.26735E-023  2.33975E-014  1.37836E-007  6.46229E-021  1.51480E-032  9.38256E-035  1.07412E-033  2.43511E-038  4.51152E-020  6.93836E-019  1.29146E-014  1.64297E-012  4.66418E-036  1.00000E-040  3.57111E-023  4.75235E-031  4.08423E-011  2.61475E-014  7.87762E-001  4.86556E-021  4.75074E-025  7.29461E-024  1.86345E-030  2.21097E-037  7.03194E-027  1.68084E-022  1.58113E-008  1.83579E-017  1.43936E-010  9.41515E-017  5.92658E-009  1.32444E-011  2.23857E-006  8.71626E-011  1.48956E-014  2.86877E-014  3.02537E-011  1.66140E-012  7.87782E-011  2.65921E-018  2.99892E-019  9.64425E-029  1.68503E-017  1.00000E-040  5.96327E-010  1.08363E-016  2.78673E-012  3.18463E-020  1.52351E-019  1.00000E-040  1.16706E-039  1.17396E-024  1.57469E-031  8.18480E-014  4.31359E-034  2.74741E-033  4.63224E-022  6.11567E-019  1.22616E-024  1.03836E-030  1.32540E-026  3.54946E-018  3.44398E-016  3.43474E-015  1.71576E-021  7.99716E-028  1.00000E-040  8.17655E-017  3.16753E-036  5.70164E-022  4.57925E-030  1.05746E-022  2.66395E-027  4.36222E-015  2.89172E-022  1.87295E-014  1.00000E-040  2.95716E-017  1.00000E-040  6.16728E-029  7.17706E-020  1.00000E-040  1.62137E-023  2.50920E-013  2.24898E-036  1.00000E-003  1.00000E-005  1.00000E-005  1.00000E-004  1.00000E-005  1.00000E-005  1.00000E-005  1.00000E-005  1.00000E-005  1.00000E-005  1.00000E-005  1.00000E-005  1.00000E-005  1.00000E-005  1.00000E-005  1.00000E-005  
5.65000E+001  3.74489E-004  1.03919E+016  2.61013E+002  1.12000E+005  1.00000E-040  1.00000E-040  1.00000E-040  5.38496E-022  1.00000E-040  1.00000E-040  1.00000E-040  1.00000E-040  1.00000E-040  1.00000E-040  1.00000E-040  1.00000E-040  1.00000E-040  1.00000E-040  3.32141E-023  1.00000E-040  1.02116E-040  2.58825E-011  2.95083E-007  8.90737E-006  2.05527E-009  4.15010E-007  2.11806E-001  7.93496E-009  4.04151E-004  1.26565E-018  1.57384E-011  4.69385E-036  6.34082E-033  4.64896E-023  1.97505E-014  1.31948E-007  7.84175E-021  6.61476E-031  1.62790E-032  1.59968E-031  2.42555E-038  4.43680E-020  7.41241E-019  1.63073E-014  1.69931E-012  4.18590E-036  1.00000E-040  7.97369E-024  4.12337E-031  4.07118E-011  4.24460E-014  7.87778E-001  5.17308E-021  4.10359E-025  6.28499E-024  8.21847E-031  2.38347E-037  4.85275E-027  9.40373E-023  1.51270E-008  1.74611E-017  1.47740E-010  7.90681E-017  5.45022E-009  1.25787E-011  2.12844E-006  6.31644E-011  9.85284E-015  2.36653E-014  2.62328E-011  1.01499E-012  7.86205E-011  2.37091E-018  2.91195E-019  6.98518E-029  1.40686E-017  1.00000E-040  5.96051E-010  7.99842E-017  2.37163E-012  2.09355E-020  1.01734E-019  1.00000E-040  3.79600E-040  1.13806E-024  2.03689E-031  8.02025E-014  4.29724E-034  1.60642E-033  2.91563E-022  5.11793E-019  1.05328E-024  6.85058E-031  1.43696E-026  3.64453E-018  2.71921E-016  2.94770E-015  1.89809E-021  4.48166E-028  1.00000E-040  9.52191E-017  2.22219E-036  3.59317E-022  4.25229E-030  1.04031E-022  1.20244E-027  2.74949E-015  2.94169E-022  2.06798E-014  1.00000E-040  2.92166E-017  1.00000E-040  6.87997E-029  4.90784E-020  1.00000E-040  1.54597E-023  2.30802E-013  2.09859E-036  1.00000E-003  1.00000E-005  1.00000E-005  1.00000E-004  1.00000E-005  1.00000E-005  1.00000E-005  1.00000E-005  1.00000E-005  1.00000E-005  1.00000E-005  1.00000E-005  1.00000E-005  1.00000E-005  1.00000E-005  1.00000E-005  
5.75000E+001  3.29142E-004  9.22462E+015  2.58435E+002  1.12000E+005  1.00000E-040  1.00000E-040  1.00000E-040  1.22032E-021  1.00000E-040  1.00000E-040  1.00000E-040  1.00000E-040  1.00000E-040  1.00000E-040  1.00000E-040  1.00000E-040  1.00000E-040  1.00000E-040  2.48610E-023  1.00000E-040  1.02251E-040  3.63474E-011  2.92298E-007  8.91262E-006  2.19202E-009  5.05271E-007  2.11789E-001  7.86897E-009  4.04010E-004  1.25607E-018  1.37956E-011  4.86220E-036  7.61945E-033  4.03758E-023  1.64871E-014  1.26767E-007  9.50789E-021  2.01329E-032  2.22009E-034  2.13596E-033  2.41479E-038  4.37925E-020  7.94115E-019  2.06401E-014  1.75046E-012  3.72785E-036  1.00000E-040  1.82442E-024  3.42313E-031  4.05816E-011  6.73725E-014  7.87795E-001  5.38454E-021  3.45849E-025  5.38283E-024  7.02650E-031  2.60119E-037  3.34999E-027  5.23309E-023  1.43700E-008  1.66326E-017  1.51368E-010  6.63141E-017  5.00574E-009  1.19896E-011  2.03453E-006  4.54708E-011  6.47320E-015  1.90283E-014  2.26998E-011  6.19865E-013  7.84535E-011  2.10057E-018  2.76775E-019  4.90497E-029  1.18225E-017  1.00000E-040  5.95740E-010  5.85949E-017  1.99693E-012  1.36096E-020  6.72782E-020  1.00000E-040  1.17503E-040  1.10238E-024  2.60906E-031  7.86945E-014  4.20314E-034  9.29907E-034  1.81288E-022  4.22207E-019  8.85138E-025  4.47632E-031  1.49269E-026  3.80922E-018  2.14696E-016  2.54846E-015  2.03286E-021  2.55527E-028  1.00000E-040  1.16093E-016  1.57907E-036  2.23604E-022  4.00449E-030  1.02222E-022  5.45286E-028  1.73081E-015  3.00343E-022  2.28167E-014  1.00000E-040  2.89043E-017  5.89111E-036  7.60604E-029  3.29212E-020  1.00000E-040  1.43979E-023  2.13833E-013  1.98929E-036  1.00000E-003  1.00000E-005  1.00000E-005  1.00000E-004  1.00000E-005  1.00000E-005  1.00000E-005  1.00000E-005  1.00000E-005  1.00000E-005  1.00000E-005  1.00000E-005  1.00000E-005  1.00000E-005  1.00000E-005  1.00000E-005  
5.85000E+001  2.88900E-004  8.18847E+015  2.55542E+002  1.12000E+005  1.00000E-040  1.00000E-040  1.00000E-040  2.77727E-021  1.00000E-040  1.00000E-040  1.00000E-040  1.00000E-040  1.00000E-040  1.00000E-040  1.00000E-040  1.00000E-040  1.00000E-040  1.00000E-040  1.81180E-023  1.00000E-040  1.02404E-040  5.06462E-011  2.90768E-007  8.91437E-006  2.33683E-009  6.13245E-007  2.11770E-001  7.87316E-009  4.03849E-004  1.24160E-018  1.21583E-011  3.02353E-036  8.96134E-033  3.46650E-023  1.36611E-014  1.22209E-007  1.15558E-020  1.00000E-040  1.00000E-040  1.00000E-040  2.40266E-038  4.32179E-020  8.50349E-019  2.61086E-014  1.80043E-012  3.31404E-036  1.00000E-040  4.62766E-025  2.74031E-031  4.04502E-011  1.04556E-013  7.87814E-001  5.50067E-021  2.85759E-025  4.58349E-024  3.62001E-031  2.86712E-037  2.32354E-027  2.90904E-023  1.35489E-008  1.57960E-017  1.54823E-010  5.56346E-017  4.59199E-009  1.14571E-011  1.95185E-006  3.24896E-011  4.21893E-015  1.50577E-014  1.95680E-011  3.77485E-013  7.82708E-011  1.86152E-018  2.58694E-019  3.37091E-029  9.96994E-018  1.00000E-040  5.95388E-010  4.28245E-017  1.66852E-012  8.79865E-021  4.43117E-020  1.00000E-040  1.00000E-040  1.06698E-024  3.31773E-031  7.72298E-014  4.06519E-034  5.35784E-034  1.11993E-022  3.43874E-019  7.31806E-025  2.91530E-031  1.49609E-026  4.02655E-018  1.69539E-016  2.21720E-015  2.11461E-021  1.48223E-028  1.00000E-040  1.47343E-016  1.13851E-036  1.38202E-022  3.82646E-030  1.00325E-022  2.49528E-028  1.08940E-015  3.07946E-022  2.51504E-014  1.00000E-040  2.86333E-017  2.24834E-035  8.35087E-029  2.17425E-020  1.00000E-040  1.31730E-023  1.99512E-013  1.90971E-036  1.00000E-003  1.00000E-005  1.00000E-005  1.00000E-004  1.00000E-005  1.00000E-005  1.00000E-005  1.00000E-005  1.00000E-005  1.00000E-005  1.00000E-005  1.00000E-005  1.00000E-005  1.00000E-005  1.00000E-005  1.00000E-005  
5.95000E+001  2.53197E-004  7.26547E+015  2.52413E+002  1.12000E+005  1.00000E-040  1.00000E-040  1.00000E-040  6.35374E-021  1.00000E-040  1.00000E-040  1.00000E-040  1.00000E-040  1.00000E-040  1.00000E-040  1.00000E-040  1.00000E-040  1.00000E-040  1.00000E-040  1.28671E-023  1.00000E-040  1.02576E-040  7.01595E-011  2.90504E-007  8.91265E-006  2.49015E-009  7.42471E-007  2.11748E-001  7.96896E-009  4.03665E-004  1.22469E-018  1.07766E-011  1.00000E-040  1.03743E-032  2.95202E-023  1.12667E-014  1.18196E-007  1.41134E-020  2.18265E-032  2.45956E-034  2.22596E-033  2.38900E-038  4.24960E-020  9.07453E-019  3.29176E-014  1.85310E-012  2.95414E-036  1.00000E-040  1.60254E-025  2.12765E-031  4.03159E-011  1.58673E-013  7.87836E-001  5.52510E-021  2.32278E-025  3.88216E-024  1.00000E-040  3.18489E-037  1.62851E-027  1.62144E-023  1.26743E-008  1.49138E-017  1.58100E-010  4.67357E-017  4.20766E-009  1.09653E-011  1.87670E-006  2.30268E-011  2.72515E-015  1.18311E-014  1.67783E-011  2.28688E-013  7.80662E-011  1.66074E-018  2.38632E-019  2.26286E-029  8.41490E-018  1.00000E-040  5.94989E-010  3.13633E-017  1.38680E-012  5.68456E-021  2.92053E-020  1.00000E-040  1.00000E-040  1.03193E-024  4.19557E-031  7.57341E-014  3.90799E-034  3.08652E-034  6.90749E-023  2.76919E-019  5.97698E-025  1.90615E-031  1.45376E-026  4.28174E-018  1.33862E-016  1.93916E-015  2.14196E-021  8.74807E-029  1.00000E-040  1.93821E-016  8.35902E-037  8.52564E-023  3.69690E-030  9.83459E-023  1.15158E-028  6.86131E-016  3.17280E-022  2.76893E-014  1.00000E-040  2.84004E-017  1.00000E-040  9.12002E-029  1.41764E-020  1.00000E-040  1.18900E-023  1.87412E-013  1.85118E-036  1.00000E-003  1.00000E-005  1.00000E-005  1.00000E-004  1.00000E-005  1.00000E-005  1.00000E-005  1.00000E-005  1.00000E-005  1.00000E-005  1.00000E-005  1.00000E-005  1.00000E-005  1.00000E-005  1.00000E-005  1.00000E-005  
6.05000E+001  2.21541E-004  6.44115E+015  2.49119E+002  1.12000E+005  1.00000E-040  1.00000E-040  1.00000E-040  1.46235E-020  1.00000E-040  1.00000E-040  1.00000E-040  1.00000E-040  1.00000E-040  1.00000E-040  1.00000E-040  1.00000E-040  1.00000E-040  1.00000E-040  8.91136E-024  1.00000E-040  1.02772E-040  9.67973E-011  2.91533E-007  8.90745E-006  2.65243E-009  8.97305E-007  2.11723E-001  8.18268E-009  4.03456E-004  1.20744E-018  9.60808E-012  1.00000E-040  1.18790E-032  2.50033E-023  9.26899E-015  1.14652E-007  1.73488E-020  1.80895E-031  5.58646E-033  5.29118E-032  2.37362E-038  4.14970E-020  9.62318E-019  4.12582E-014  1.91206E-012  2.64848E-036  1.00000E-040  9.39189E-026  1.61090E-031  4.01764E-011  2.35448E-013  7.87861E-001  5.46482E-021  1.86322E-025  3.27227E-024  1.00000E-040  3.55910E-037  1.16089E-027  9.08970E-024  1.17594E-008  1.39743E-017  1.61210E-010  3.92682E-017  3.85135E-009  1.05026E-011  1.80637E-006  1.61829E-011  1.74331E-015  9.29584E-015  1.42910E-011  1.37560E-013  7.78338E-011  1.49931E-018  2.17956E-019  1.50446E-029  7.09213E-018  1.00000E-040  5.94538E-010  2.31024E-017  1.14877E-012  3.68508E-021  1.93382E-020  1.00000E-040  1.00000E-040  9.97243E-025  5.28335E-031  7.41482E-014  3.74725E-034  1.78449E-034  4.27141E-023  2.20875E-019  4.83915E-025  1.26118E-031  1.37515E-026  4.55853E-018  1.05593E-016  1.70304E-015  2.11655E-021  5.25411E-029  1.00000E-040  2.62357E-016  6.27794E-037  5.27159E-023  3.59635E-030  9.62876E-023  5.37515E-029  4.32590E-016  3.28597E-022  3.04413E-014  1.00000E-040  2.82013E-017  1.00000E-040  9.92099E-029  9.14508E-021  1.00000E-040  1.06268E-023  1.77170E-013  1.80724E-036  1.00000E-003  1.00000E-005  1.00000E-005  1.00000E-004  1.00000E-005  1.00000E-005  1.00000E-005  1.00000E-005  1.00000E-005  1.00000E-005  1.00000E-005  1.00000E-005  1.00000E-005  1.00000E-005  1.00000E-005  1.00000E-005  
6.15000E+001  1.93498E-004  5.70467E+015  2.45676E+002  1.12000E+005  1.00000E-040  1.00000E-040  1.00000E-040  3.38755E-020  1.00000E-040  1.00000E-040  1.00000E-040  1.00000E-040  1.00000E-040  1.00000E-040  1.00000E-040  1.00000E-040  1.00000E-040  1.00000E-040  6.02163E-024  1.00000E-040  1.02994E-040  1.33148E-010  2.93899E-007  8.89869E-006  2.82494E-009  1.08301E-006  2.11695E-001  8.54797E-009  4.03218E-004  1.19070E-018  8.61693E-012  1.00000E-040  1.34853E-032  2.10904E-023  7.61427E-015  1.11513E-007  2.14800E-020  3.41889E-034  1.00000E-040  1.00000E-040  2.35629E-038  4.01566E-020  1.01230E-018  5.13289E-014  1.98051E-012  2.39182E-036  1.00000E-040  8.20612E-026  1.18974E-031  4.00293E-011  3.42173E-013  7.87890E-001  5.31250E-021  1.47431E-025  2.74123E-024  1.00000E-040  3.99494E-037  8.48633E-028  5.13906E-024  1.08190E-008  1.29802E-017  1.64150E-010  3.27429E-017  3.52160E-009  1.00659E-011  1.74000E-006  1.12744E-011  1.10423E-015  7.32936E-015  1.20855E-011  8.20926E-014  7.75674E-011  1.37398E-018  1.97215E-019  9.57633E-030  5.96683E-018  1.00000E-040  5.94026E-010  1.71685E-017  9.49507E-013  2.40463E-021  1.29052E-020  1.00000E-040  1.00000E-040  9.62964E-025  6.63219E-031  7.24799E-014  3.58707E-034  1.03872E-034  2.65601E-023  1.74417E-019  3.88886E-025  8.51498E-032  1.26518E-026  4.84495E-018  8.31780E-017  1.50102E-015  2.04470E-021  3.21194E-029  1.00000E-040  3.60201E-016  4.86338E-037  3.27680E-023  3.50394E-030  9.41519E-023  2.69110E-029  2.73091E-016  3.42562E-022  3.34286E-014  1.00000E-040  2.80315E-017  1.00000E-040  1.07564E-028  5.84154E-021  1.00000E-040  9.40601E-024  1.68481E-013  1.77314E-036  1.00000E-003  1.00000E-005  1.00000E-005  1.00000E-004  1.00000E-005  1.00000E-005  1.00000E-005  1.00000E-005  1.00000E-005  1.00000E-005  1.00000E-005  1.00000E-005  1.00000E-005  1.00000E-005  1.00000E-005  1.00000E-005  
6.25000E+001  1.68682E-004  5.04700E+015  2.42076E+002  1.12000E+005  1.00000E-040  1.00000E-040  1.00000E-040  7.90061E-020  1.00000E-040  1.00000E-040  1.00000E-040  1.00000E-040  1.00000E-040  1.00000E-040  1.00000E-040  1.00000E-040  1.00000E-040  1.00000E-040  3.97061E-024  1.00000E-040  1.03247E-040  1.82743E-010  2.97671E-007  8.88623E-006  3.00964E-009  1.30605E-006  2.11663E-001  9.11122E-009  4.02947E-004  1.17494E-018  7.77497E-012  5.99108E-036  1.51977E-032  1.77290E-023  6.24891E-015  1.08718E-007  2.67867E-020  1.00000E-040  1.00000E-040  1.00000E-040  2.33674E-038  3.84416E-020  1.05465E-018  6.33038E-014  2.06143E-012  2.17702E-036  1.00000E-040  8.46378E-026  8.55305E-032  3.98718E-011  4.88126E-013  7.87922E-001  5.05657E-021  1.14824E-025  2.27669E-024  3.45835E-031  4.49858E-037  6.41735E-028  2.93688E-024  9.87010E-009  1.19448E-017  1.66919E-010  2.67666E-017  3.21700E-009  9.65598E-012  1.67760E-006  7.78566E-012  6.92645E-016  5.80210E-015  1.01475E-011  4.86084E-014  7.72610E-011  1.28014E-018  1.76659E-019  1.00000E-040  5.01473E-018  1.00000E-040  5.93444E-010  1.29053E-017  7.83693E-013  1.58348E-021  8.70290E-021  1.00000E-040  1.00000E-040  9.29120E-025  8.30756E-031  7.07662E-014  3.42542E-034  6.10333E-035  1.66430E-023  1.36153E-019  3.10306E-025  5.91519E-032  1.12776E-026  5.12904E-018  6.54017E-017  1.32728E-015  1.93519E-021  1.99892E-029  1.00000E-040  4.89844E-016  3.92466E-037  2.05205E-023  3.40264E-030  9.19389E-023  1.28749E-029  1.72653E-016  3.60101E-022  3.66865E-014  1.00000E-040  2.78861E-017  1.00000E-040  1.16261E-028  3.69506E-021  1.00000E-040  8.23123E-024  1.61086E-013  1.74542E-036  1.00000E-003  1.00000E-005  1.00000E-005  1.00000E-004  1.00000E-005  1.00000E-005  1.00000E-005  1.00000E-005  1.00000E-005  1.00000E-005  1.00000E-005  1.00000E-005  1.00000E-005  1.00000E-005  1.00000E-005  1.00000E-005  
6.35000E+001  1.46745E-004  4.45980E+015  2.38323E+002  1.12000E+005  1.00000E-040  1.00000E-040  1.00000E-040  1.85564E-019  1.00000E-040  1.00000E-040  1.00000E-040  1.00000E-040  1.00000E-040  1.00000E-040  1.00000E-040  1.00000E-040  1.00000E-040  1.00000E-040  2.55434E-024  1.00000E-040  1.03535E-040  2.50500E-010  3.02935E-007  8.86987E-006  3.20868E-009  1.57461E-006  2.11626E-001  9.93959E-009  4.02638E-004  1.16094E-018  7.05982E-012  4.26372E-035  1.70329E-032  1.48652E-023  5.12682E-015  1.06215E-007  3.36276E-020  3.35353E-029  1.36623E-030  1.27723E-029  2.31471E-038  3.63376E-020  1.08646E-018  7.72969E-014  2.15777E-012  1.99712E-036  1.00000E-040  9.32364E-026  5.97820E-032  3.97008E-011  6.84464E-013  7.87959E-001  4.70015E-021  8.78970E-026  1.87216E-024  2.05734E-030  5.07776E-037  5.05736E-028  1.69987E-024  8.93057E-009  1.08891E-017  1.69526E-010  2.13039E-017  2.93619E-009  9.27216E-012  1.61898E-006  5.33097E-012  4.30433E-016  4.60776E-015  8.46000E-012  2.85665E-014  7.69080E-011  1.21333E-018  1.56646E-019  1.00000E-040  4.21088E-018  1.00000E-040  5.92782E-010  9.83299E-018  6.46406E-013  1.05455E-021  5.94375E-021  1.00000E-040  1.00000E-040  8.95743E-025  1.03941E-030  6.90287E-014  3.25934E-034  3.62847E-035  1.05285E-023  1.04988E-019  2.46017E-025  4.25797E-032  9.69867E-027  5.39639E-018  5.12794E-017  1.17688E-015  1.79683E-021  1.26650E-029  1.00000E-040  6.44408E-016  3.32587E-037  1.29702E-023  3.28326E-030  8.96462E-023  7.24144E-030  1.09320E-016  3.82139E-022  4.02554E-014  1.00000E-040  2.77603E-017  3.01132E-033  1.25321E-028  2.31505E-021  1.00000E-040  7.11455E-024  1.54767E-013  1.72153E-036  1.00000E-003  1.00000E-005  1.00000E-005  1.00000E-004  1.00000E-005  1.00000E-005  1.00000E-005  1.00000E-005  1.00000E-005  1.00000E-005  1.00000E-005  1.00000E-005  1.00000E-005  1.00000E-005  1.00000E-005  1.00000E-005  
6.45000E+001  1.27382E-004  3.93436E+015  2.34504E+002  1.12000E+005  1.00000E-040  1.00000E-040  1.00000E-040  4.39062E-019  1.00000E-040  1.00000E-040  1.00000E-040  1.00000E-040  1.00000E-040  1.00000E-040  1.00000E-040  1.00000E-040  1.00000E-040  1.00000E-040  1.60261E-024  1.00000E-040  1.03863E-040  3.43676E-010  3.09811E-007  8.84934E-006  3.42293E-009  1.89948E-006  2.11585E-001  1.11321E-008  4.02285E-004  1.15099E-018  6.45077E-012  1.00000E-040  1.90801E-032  1.24625E-023  4.21225E-015  1.03955E-007  4.24737E-020  1.00000E-040  1.00000E-040  1.00000E-040  2.28986E-038  3.38630E-020  1.10538E-018  9.33719E-014  2.27263E-012  1.84653E-036  1.00000E-040  1.06773E-025  4.09463E-032  3.95132E-011  9.41330E-013  7.88000E-001  4.28348E-021  6.64564E-026  1.52919E-024  1.00000E-040  5.74365E-037  4.16411E-028  9.96905E-025  8.01872E-009  9.84266E-018  1.72025E-010  1.66408E-017  2.67780E-009  8.90625E-012  1.56214E-006  3.62404E-012  2.65139E-016  3.67338E-015  6.99898E-012  1.66567E-014  7.65013E-011  1.16940E-018  1.38080E-019  4.38412E-029  3.52302E-018  1.00000E-040  5.92030E-010  7.60611E-018  5.33358E-013  7.11560E-022  4.11775E-021  1.00000E-040  1.00000E-040  8.62851E-025  1.30003E-030  6.72029E-014  3.09092E-034  2.18559E-035  6.73991E-024  8.02803E-020  1.94477E-025  3.19000E-032  8.06698E-027  5.62919E-018  3.99705E-017  1.04484E-015  1.63545E-021  8.16697E-030  1.00000E-040  8.08897E-016  2.95864E-037  8.29397E-024  3.15330E-030  8.72680E-023  4.03902E-030  6.92780E-017  4.08761E-022  4.41521E-014  1.00000E-040  2.76496E-017  4.08651E-033  1.34934E-028  1.43938E-021  1.00000E-040  6.10505E-024  1.49336E-013  1.69959E-036  1.00000E-003  1.00000E-005  1.00000E-005  1.00000E-004  1.00000E-005  1.00000E-005  1.00000E-005  1.00000E-005  1.00000E-005  1.00000E-005  1.00000E-005  1.00000E-005  1.00000E-005  1.00000E-005  1.00000E-005  1.00000E-005  
6.55000E+001  1.10320E-004  3.46410E+015  2.30665E+002  1.12000E+005  1.00000E-040  1.00000E-040  1.00000E-040  1.04604E-018  1.00000E-040  1.00000E-040  1.00000E-040  1.00000E-040  1.00000E-040  1.00000E-040  1.00000E-040  1.00000E-040  1.00000E-040  1.00000E-040  9.80307E-025  1.00000E-040  1.04238E-040  4.72630E-010  3.18445E-007  8.82429E-006  3.65404E-009  2.29426E-006  2.11537E-001  1.28335E-008  4.01881E-004  1.14632E-018  5.92991E-012  6.21528E-036  2.14303E-032  1.04615E-023  3.46891E-015  1.01896E-007  5.39525E-020  2.15447E-032  6.55047E-036  8.73048E-035  2.26182E-038  3.11186E-020  1.11137E-018  1.11687E-013  2.40921E-012  1.72053E-036  1.00000E-040  1.26335E-025  2.75979E-032  3.93053E-011  1.26865E-012  7.88048E-001  3.83905E-021  4.97619E-026  1.24511E-024  2.09133E-031  6.50908E-037  3.58371E-028  5.92854E-025  7.15172E-009  8.83217E-018  1.74463E-010  1.29408E-017  2.44045E-009  8.55366E-012  1.50628E-006  2.45012E-012  1.62094E-016  2.93776E-015  5.74649E-012  9.64062E-015  7.60327E-011  1.14380E-018  1.21273E-019  1.00000E-040  2.93250E-018  1.00000E-040  5.91171E-010  5.97890E-018  4.40606E-013  4.86999E-022  2.89660E-021  1.00000E-040  1.00000E-040  8.30456E-025  1.62653E-030  6.52719E-014  2.91865E-034  1.33534E-035  4.37191E-024  6.10048E-020  1.53587E-025  2.49002E-032  6.47534E-027  5.82095E-018  3.08863E-017  9.27835E-016  1.45868E-021  5.35461E-030  6.53167E-040  9.67353E-016  2.75976E-037  5.37318E-024  3.01639E-030  8.47947E-023  1.43687E-030  4.39121E-017  4.40437E-022  4.84068E-014  1.00000E-040  2.75496E-017  7.43505E-034  1.45261E-028  8.89168E-022  1.00000E-040  5.21434E-024  1.44631E-013  1.67822E-036  1.00000E-003  1.00000E-005  1.00000E-005  1.00000E-004  1.00000E-005  1.00000E-005  1.00000E-005  1.00000E-005  1.00000E-005  1.00000E-005  1.00000E-005  1.00000E-005  1.00000E-005  1.00000E-005  1.00000E-005  1.00000E-005  
6.65000E+001  9.53171E-005  3.04317E+015  2.26862E+002  1.12000E+005  1.00000E-040  1.00000E-040  1.00000E-040  2.50544E-018  1.00000E-040  1.00000E-040  1.00000E-040  1.00000E-040  1.00000E-040  1.00000E-040  1.00000E-040  1.00000E-040  1.00000E-040  1.00000E-040  5.84496E-025  1.00000E-040  1.04667E-040  6.52585E-010  3.29016E-007  8.79425E-006  3.90351E-009  2.77653E-006  2.11483E-001  1.52560E-008  4.01420E-004  1.14806E-018  5.48051E-012  1.41070E-035  2.42159E-032  8.80485E-024  2.86555E-015  9.99980E-008  6.89224E-020  2.34321E-032  1.50920E-037  8.66929E-037  2.23018E-038  2.82392E-020  1.10610E-018  1.32551E-013  2.57093E-012  1.61549E-036  1.00000E-040  1.54123E-025  1.84135E-032  3.90729E-011  1.67333E-012  7.88102E-001  3.39736E-021  3.70478E-026  1.01607E-024  3.95400E-031  7.38992E-037  3.21181E-028  3.57455E-025  6.34464E-009  7.88216E-018  1.76899E-010  1.01770E-017  2.22280E-009  8.20819E-012  1.45043E-006  1.65118E-012  9.85255E-017  2.35886E-015  4.68379E-012  5.54296E-015  7.54932E-011  1.13193E-018  1.06433E-019  9.28078E-031  2.42363E-018  1.00000E-040  5.90191E-010  4.77784E-018  3.64694E-013  3.38254E-022  2.06962E-021  2.78880E-040  1.00000E-040  7.98556E-025  2.03671E-030  6.32102E-014  2.74184E-034  8.27993E-036  2.87624E-024  4.62019E-020  1.21440E-025  2.02012E-032  5.00867E-027  5.97210E-018  2.35794E-017  8.23176E-016  1.27378E-021  3.56358E-030  7.34576E-039  1.10797E-015  2.68368E-037  3.53004E-024  2.87895E-030  8.22135E-023  5.43856E-031  2.78106E-017  4.77427E-022  5.30450E-014  1.00000E-040  2.74566E-017  1.44211E-034  1.56529E-028  5.46484E-022  1.00000E-040  4.44932E-024  1.40512E-013  1.65635E-036  1.00000E-003  1.00000E-005  1.00000E-005  1.00000E-004  1.00000E-005  1.00000E-005  1.00000E-005  1.00000E-005  1.00000E-005  1.00000E-005  1.00000E-005  1.00000E-005  1.00000E-005  1.00000E-005  1.00000E-005  1.00000E-005  
6.75000E+001  8.21600E-005  2.66483E+015  2.23310E+002  1.12000E+005  1.00000E-040  1.00000E-040  1.00000E-040  6.01309E-018  1.00000E-040  1.00000E-040  1.00000E-040  1.00000E-040  1.00000E-040  1.00000E-040  1.00000E-040  1.00000E-040  1.00000E-040  1.00000E-040  3.39949E-025  1.00000E-040  1.05158E-040  9.08143E-010  3.41756E-007  8.75862E-006  4.16868E-009  3.37051E-006  2.11421E-001  1.87107E-008  4.00890E-004  1.15902E-018  5.07879E-012  1.58220E-035  2.78612E-032  7.45634E-024  2.37872E-015  9.82271E-008  8.86707E-020  2.46388E-032  5.56912E-038  1.00000E-040  2.19449E-038  2.53849E-020  1.09393E-018  1.56704E-013  2.76127E-012  1.52924E-036  1.00000E-040  1.93334E-025  1.24844E-032  3.88113E-011  2.14686E-012  7.88164E-001  3.01050E-021  2.78986E-026  8.42788E-025  3.68099E-031  8.41004E-037  2.96665E-028  2.18234E-025  5.60916E-009  7.01896E-018  1.79509E-010  8.20628E-018  2.02345E-009  7.85137E-012  1.39025E-006  1.11340E-012  5.96288E-017  1.92289E-015  3.78553E-012  3.16243E-015  7.48718E-011  1.12914E-018  9.43868E-020  5.58369E-031  1.97317E-018  1.00000E-040  5.89070E-010  3.88038E-018  3.02689E-013  2.38501E-022  1.50119E-021  9.46648E-040  1.00000E-040  7.67131E-025  2.55246E-030  6.08423E-014  2.56779E-034  5.20979E-036  1.92412E-024  3.52839E-020  9.68342E-026  1.69554E-032  3.80814E-027  6.08779E-018  1.76534E-017  7.27347E-016  1.08508E-021  2.40298E-030  7.01404E-038  1.22492E-015  2.66524E-037  2.35836E-024  2.77017E-030  7.95067E-023  3.45051E-031  1.75383E-017  5.17171E-022  5.80001E-014  1.00000E-040  2.73669E-017  2.97699E-035  1.69437E-028  3.35715E-022  1.00000E-040  3.85970E-024  1.36855E-013  1.63313E-036  1.00000E-003  1.00000E-005  1.00000E-005  1.00000E-004  1.00000E-005  1.00000E-005  1.00000E-005  1.00000E-005  1.00000E-005  1.00000E-005  1.00000E-005  1.00000E-005  1.00000E-005  1.00000E-005  1.00000E-005  1.00000E-005  
6.85000E+001  7.06617E-005  2.32514E+015  2.20116E+002  1.12000E+005  1.00000E-040  1.00000E-040  1.00000E-040  1.43487E-017  1.00000E-040  1.00000E-040  1.00000E-040  1.00000E-040  1.00000E-040  1.00000E-040  1.00000E-040  1.00000E-040  1.00000E-040  1.00000E-040  1.93231E-025  1.00000E-040  1.05725E-040  1.27633E-009  3.56953E-007  8.71670E-006  4.44848E-009  4.10634E-006  2.11349E-001  2.36464E-008  4.00282E-004  1.17968E-018  4.70590E-012  1.00000E-040  3.92856E-032  6.36045E-024  1.98408E-015  9.65499E-008  1.15039E-019  2.59801E-032  1.27934E-037  1.00000E-040  2.15419E-038  2.26984E-020  1.07980E-018  1.85307E-013  2.98398E-012  1.45937E-036  1.00000E-040  2.48832E-025  8.82186E-033  3.85150E-011  2.67598E-012  7.88236E-001  2.69070E-021  2.14666E-026  7.18789E-025  1.00000E-040  9.59440E-037  2.79827E-028  1.34820E-025  4.95195E-009  6.25565E-018  1.82437E-010  6.78903E-018  1.84097E-009  7.47669E-012  1.32421E-006  7.53770E-013  3.60152E-017  1.60831E-015  3.03462E-012  1.79104E-015  7.41559E-011  1.13095E-018  8.50406E-020  3.52456E-031  1.57615E-018  1.00000E-040  5.87785E-010  3.20043E-018  2.51938E-013  1.70636E-022  1.10427E-021  3.08002E-039  1.00000E-040  7.36131E-025  3.20063E-030  5.81200E-014  2.39506E-034  3.32633E-036  1.31017E-024  2.73417E-020  7.81279E-026  1.46379E-032  2.88710E-027  6.18378E-018  1.29003E-017  6.38904E-016  9.01013E-022  1.63845E-030  5.75851E-037  1.31788E-015  2.66330E-037  1.60406E-024  2.70303E-030  7.66536E-023  2.30024E-031  1.09826E-017  5.57746E-022  6.32205E-014  1.00000E-040  2.72774E-017  6.52011E-036  1.84595E-028  2.06708E-022  1.00000E-040  3.43881E-024  1.33553E-013  1.60799E-036  1.00000E-003  1.00000E-005  1.00000E-005  1.00000E-004  1.00000E-005  1.00000E-005  1.00000E-005  1.00000E-005  1.00000E-005  1.00000E-005  1.00000E-005  1.00000E-005  1.00000E-005  1.00000E-005  1.00000E-005  1.00000E-005  
6.95000E+001  6.06463E-005  2.02205E+015  2.17235E+002  1.12000E+005  1.00000E-040  1.00000E-040  1.00000E-040  3.35549E-017  1.00000E-040  1.00000E-040  1.00000E-040  1.00000E-040  1.00000E-040  1.00000E-040  1.00000E-040  1.00000E-040  1.00000E-040  1.00000E-040  1.07597E-025  1.00000E-040  1.06377E-040  1.81115E-009  3.74927E-007  8.66753E-006  4.74598E-009  5.02039E-006  2.11267E-001  3.07016E-008  3.99581E-004  1.20849E-018  4.35328E-012  4.80993E-036  3.60727E-031  5.45805E-024  1.66023E-015  9.49351E-008  1.50534E-019  2.75481E-032  1.33789E-037  4.04620E-037  2.10874E-038  2.02518E-020  1.06647E-018  2.19660E-013  3.24332E-012  1.40328E-036  1.00000E-040  3.27793E-025  1.03630E-032  3.81776E-011  3.25325E-012  7.88318E-001  2.41945E-021  1.68465E-026  6.33488E-025  7.61067E-032  1.09661E-036  2.68035E-028  8.43067E-026  4.37480E-009  5.59293E-018  1.85742E-010  5.72499E-018  1.67398E-009  7.09138E-012  1.25414E-006  5.13646E-013  2.17758E-017  1.38517E-015  2.41783E-012  1.00983E-015  7.33315E-011  1.13359E-018  7.76593E-020  2.08184E-031  1.23729E-018  1.00000E-040  5.86308E-010  2.67780E-018  2.10189E-013  1.23754E-022  8.22927E-022  9.66209E-039  1.00000E-040  7.05502E-025  4.01557E-030  5.51458E-014  2.21562E-034  2.15615E-036  9.07031E-025  2.14570E-020  6.36762E-026  1.29173E-032  2.18124E-027  6.27506E-018  9.19913E-018  5.57989E-016  7.30947E-022  1.12745E-030  4.12598E-036  1.38942E-015  2.66726E-037  1.10951E-024  2.67001E-030  7.36334E-023  1.27455E-031  6.82420E-018  5.99473E-022  6.87215E-014  1.00000E-040  2.71855E-017  1.50914E-036  2.02318E-028  1.27531E-022  1.00000E-040  3.13992E-024  1.30511E-013  1.58096E-036  1.00000E-003  1.00000E-005  1.00000E-005  1.00000E-004  1.00000E-005  1.00000E-005  1.00000E-005  1.00000E-005  1.00000E-005  1.00000E-005  1.00000E-005  1.00000E-005  1.00000E-005  1.00000E-005  1.00000E-005  1.00000E-005  
7.05000E+001  5.19556E-005  1.75134E+015  2.14871E+002  1.12000E+005  1.00000E-040  1.00000E-040  1.00000E-040  7.49827E-017  1.00000E-040  1.00000E-040  1.00000E-040  1.00000E-040  1.00000E-040  1.00000E-040  1.00000E-040  1.00000E-040  1.00000E-040  1.00000E-040  5.89275E-026  1.00000E-040  1.07134E-040  2.60320E-009  3.96089E-007  8.61004E-006  5.05660E-009  6.16231E-006  2.11172E-001  4.07840E-008  3.98770E-004  1.24667E-018  4.00157E-012  9.04342E-036  9.45280E-030  4.72623E-024  1.39395E-015  9.33531E-008  1.99090E-019  2.95645E-032  2.93135E-037  1.50696E-036  2.05752E-038  1.81103E-020  1.05903E-018  2.62057E-013  3.54347E-012  1.36117E-036  1.00000E-040  4.39960E-025  1.23142E-031  3.77918E-011  3.84949E-012  7.88413E-001  2.22013E-021  1.37459E-026  5.87077E-025  1.16889E-031  1.25620E-036  2.58105E-028  5.33679E-026  3.87576E-009  5.03572E-018  1.89690E-010  4.90673E-018  1.52119E-009  6.68709E-012  1.17675E-006  3.53553E-013  1.31973E-017  1.24989E-015  1.91410E-012  5.66544E-016  7.23811E-011  1.13390E-018  7.26751E-020  1.33285E-031  9.47399E-019  1.00000E-040  5.84608E-010  2.26986E-018  1.75697E-013  9.09468E-023  6.20275E-022  2.93903E-038  1.00000E-040  6.75172E-025  5.03672E-030  5.17983E-014  2.03584E-034  1.42034E-036  6.39998E-025  1.72646E-020  5.27789E-026  1.16157E-032  1.70768E-027  6.37584E-018  6.36963E-018  4.83021E-016  5.79143E-022  7.82795E-031  2.61573E-035  1.44305E-015  2.62104E-037  7.82540E-025  2.70113E-030  7.04240E-023  6.29072E-032  4.18927E-018  6.37434E-022  7.43252E-014  1.00000E-040  2.70886E-017  3.67960E-037  2.23851E-028  7.92459E-023  1.00000E-040  2.99673E-024  1.27646E-013  1.55351E-036  1.00000E-003  1.00000E-005  1.00000E-005  1.00000E-004  1.00000E-005  1.00000E-005  1.00000E-005  1.00000E-005  1.00000E-005  1.00000E-005  1.00000E-005  1.00000E-005  1.00000E-005  1.00000E-005  1.00000E-005  1.00000E-005  
7.15000E+001  4.44440E-005  1.51142E+015  2.12983E+002  1.12000E+005  1.00000E-040  1.00000E-040  1.00000E-040  1.55023E-016  1.00000E-040  1.00000E-040  1.00000E-040  1.00000E-040  1.00000E-040  1.00000E-040  1.00000E-040  1.00000E-040  1.00000E-040  1.00000E-040  3.18743E-026  1.00000E-040  1.08014E-040  3.78690E-009  4.20911E-007  8.54289E-006  5.38290E-009  7.58930E-006  2.11062E-001  5.51556E-008  3.97831E-004  1.29259E-018  3.64860E-012  9.51793E-036  1.78036E-028  4.20149E-024  1.17275E-015  9.17733E-008  2.66081E-019  3.21750E-032  5.16009E-038  7.27123E-037  1.99986E-038  1.62729E-020  1.05917E-018  3.14857E-013  3.88960E-012  1.36071E-036  1.00000E-040  5.99430E-025  2.23539E-030  3.73486E-011  4.45513E-012  7.88523E-001  2.07636E-021  1.16490E-026  5.74638E-025  9.42943E-032  1.44124E-036  2.51399E-028  3.46269E-026  3.44939E-009  4.57584E-018  1.94399E-010  4.25075E-018  1.38130E-009  6.27594E-012  1.09412E-006  2.46285E-013  8.03760E-018  1.18352E-015  1.50874E-012  3.17112E-016  7.12849E-011  1.12973E-018  6.96174E-020  8.73053E-032  7.08705E-019  1.00000E-040  5.82646E-010  1.94643E-018  1.47031E-013  6.76755E-023  4.72356E-022  8.74649E-038  1.00000E-040  6.45053E-025  6.31355E-030  4.81929E-014  1.89471E-034  9.62886E-037  4.59939E-025  1.42330E-020  4.47100E-026  1.07847E-032  1.39582E-027  6.49761E-018  4.29481E-018  4.14477E-016  4.49976E-022  5.48787E-031  1.48766E-034  1.48236E-015  2.54635E-037  5.62425E-025  2.79452E-030  6.70056E-023  1.34826E-032  2.54096E-018  6.71154E-022  7.99691E-014  1.00000E-040  2.69845E-017  9.58116E-038  2.49889E-028  5.00314E-023  1.00000E-040  2.98514E-024  1.24883E-013  1.53147E-036  1.00000E-003  1.00000E-005  1.00000E-005  1.00000E-004  1.00000E-005  1.00000E-005  1.00000E-005  1.00000E-005  1.00000E-005  1.00000E-005  1.00000E-005  1.00000E-005  1.00000E-005  1.00000E-005  1.00000E-005  1.00000E-005  
7.25000E+001  3.79724E-005  1.30057E+015  2.11471E+002  1.12000E+005  1.00000E-040  1.00000E-040  1.00000E-040  2.88769E-016  1.00000E-040  1.00000E-040  1.00000E-040  1.00000E-040  1.00000E-040  1.00000E-040  1.00000E-040  1.00000E-040  1.00000E-040  1.00000E-040  1.70995E-026  1.00000E-040  1.09038E-040  5.56625E-009  4.49912E-007  8.46450E-006  5.73094E-009  9.36933E-006  2.10934E-001  7.55419E-008  3.96742E-004  1.34426E-018  3.29899E-012  2.05306E-035  2.29050E-027  4.75905E-024  9.87447E-016  9.01646E-008  3.58934E-019  3.55111E-032  1.00000E-040  1.00000E-040  1.93516E-038  1.47109E-020  1.06706E-018  3.80574E-013  4.28768E-012  1.76933E-036  1.00000E-040  8.25931E-025  2.86323E-029  3.68380E-011  5.07204E-012  7.88650E-001  1.96932E-021  1.01823E-026  5.91899E-025  8.29233E-032  1.65557E-036  2.66384E-028  2.65852E-026  3.08871E-009  4.20308E-018  1.99978E-010  3.70720E-018  1.25320E-009  5.87620E-012  1.00915E-006  1.73865E-013  4.93243E-018  1.16752E-015  1.18753E-012  1.77857E-016  7.00201E-011  1.11992E-018  6.80189E-020  4.01553E-032  5.20103E-019  1.00000E-040  5.80380E-010  1.68611E-018  1.23086E-013  5.09624E-023  3.63211E-022  2.56804E-037  1.00000E-040  6.15062E-025  7.91099E-030  4.44762E-014  2.26098E-034  7.75502E-037  3.36197E-025  1.19745E-020  4.18717E-026  1.19944E-032  1.18626E-027  6.64753E-018  2.83575E-018  3.52851E-016  3.44473E-022  3.89221E-031  7.64281E-034  1.51046E-015  2.64352E-037  4.11318E-025  2.94159E-030  6.33649E-023  2.02065E-032  1.52545E-018  7.01943E-022  8.56215E-014  1.00000E-040  2.68711E-017  2.44188E-038  2.81032E-028  3.52809E-023  1.00000E-040  3.08078E-024  1.22155E-013  1.53301E-036  1.00000E-003  1.00000E-005  1.00000E-005  1.00000E-004  1.00000E-005  1.00000E-005  1.00000E-005  1.00000E-005  1.00000E-005  1.00000E-005  1.00000E-005  1.00000E-005  1.00000E-005  1.00000E-005  1.00000E-005  1.00000E-005  
7.35000E+001  3.24128E-005  1.11640E+015  2.10287E+002  1.12000E+005  1.00000E-040  1.00000E-040  1.00000E-040  4.82214E-016  1.00000E-040  1.00000E-040  1.00000E-040  1.00000E-040  1.00000E-040  1.00000E-040  1.00000E-040  1.00000E-040  1.00000E-040  1.00000E-040  9.14233E-027  1.00000E-040  1.10236E-040  8.25903E-009  4.83684E-007  8.37305E-006  6.10618E-009  1.15842E-005  2.10786E-001  1.04276E-007  3.95476E-004  1.40019E-018  2.95638E-012  1.54001E-034  2.10054E-026  1.39536E-023  8.31624E-016  8.84950E-008  4.88219E-019  3.97641E-032  1.00000E-040  1.00000E-040  1.86282E-038  1.33990E-020  1.08340E-018  4.62322E-013  4.74409E-012  5.94585E-036  1.00000E-040  1.14635E-024  2.61848E-028  3.62484E-011  5.70514E-012  7.88797E-001  1.89167E-021  9.15227E-027  6.38572E-025  6.39108E-032  1.91052E-036  4.05468E-028  4.62150E-026  2.78656E-009  3.90987E-018  2.06607E-010  3.24815E-018  1.13586E-009  5.50238E-012  9.23338E-007  1.24572E-013  3.05667E-018  1.19094E-015  9.35771E-013  1.00354E-016  6.85607E-011  1.10383E-018  6.77513E-020  5.01392E-032  3.75267E-019  1.00000E-040  5.77760E-010  1.47343E-018  1.03016E-013  3.88288E-023  2.81888E-022  7.48826E-037  1.00000E-040  5.85118E-025  9.91300E-030  4.07302E-014  6.80878E-034  1.42014E-036  2.49826E-025  1.02704E-020  6.96180E-026  2.63704E-032  1.04950E-027  6.83259E-018  1.84347E-018  2.98029E-016  2.60971E-022  2.80263E-031  3.54727E-033  1.52981E-015  3.88244E-037  3.05916E-025  3.14232E-030  5.94958E-023  1.00000E-040  9.07714E-019  7.30317E-022  9.11860E-014  1.00000E-040  2.67461E-017  1.20135E-038  3.18200E-028  4.52892E-023  1.00000E-040  3.28347E-024  1.19399E-013  1.61095E-036  1.00000E-003  1.00000E-005  1.00000E-005  1.00000E-004  1.00000E-005  1.00000E-005  1.00000E-005  1.00000E-005  1.00000E-005  1.00000E-005  1.00000E-005  1.00000E-005  1.00000E-005  1.00000E-005  1.00000E-005  1.00000E-005  
7.45000E+001  2.76456E-005  9.56821E+014  2.09272E+002  1.12000E+005  1.00000E-040  1.00000E-040  1.00000E-040  7.41651E-016  1.00000E-040  1.00000E-040  1.00000E-040  1.00000E-040  1.00000E-040  1.00000E-040  1.00000E-040  1.00000E-040  1.00000E-040  1.00000E-040  4.89704E-027  1.00000E-040  1.11634E-040  1.23425E-008  5.22829E-007  8.26641E-006  6.52273E-009  1.43230E-005  2.10614E-001  1.44463E-007  3.94004E-004  1.45706E-018  2.62992E-012  1.47926E-033  1.43611E-025  7.76039E-023  6.99863E-016  8.67302E-008  6.67899E-019  4.50832E-032  3.94606E-037  2.80243E-036  1.78239E-038  1.23095E-020  1.10744E-018  5.62701E-013  5.26677E-012  3.67089E-035  1.00000E-040  1.59720E-024  1.78758E-027  3.55666E-011  6.37978E-012  7.88968E-001  1.82425E-021  8.34669E-027  7.12132E-025  1.45836E-031  2.25155E-036  1.09202E-027  1.81440E-025  2.53641E-009  3.68955E-018  2.14507E-010  2.85374E-018  1.02840E-009  5.17640E-012  8.39337E-007  9.07251E-014  1.91958E-018  1.23915E-015  7.40791E-013  5.73319E-017  6.68781E-011  1.08121E-018  6.83382E-020  1.06697E-032  2.67840E-019  1.00000E-040  5.74733E-010  1.29710E-018  8.61644E-014  2.99300E-023  2.20924E-022  2.18023E-036  1.00000E-040  5.55148E-025  1.24509E-029  3.70828E-014  3.63564E-033  5.89809E-036  1.88357E-025  8.91092E-021  2.82159E-025  1.11241E-031  9.47447E-028  7.05963E-018  1.18995E-018  2.50087E-016  1.96691E-022  2.05669E-031  1.48841E-032  1.54230E-015  1.00276E-036  2.30888E-025  3.37708E-030  5.54036E-023  1.00000E-040  5.37393E-019  7.60324E-022  9.66316E-014  1.00000E-040  2.66076E-017  2.74627E-038  3.62020E-028  1.35553E-022  1.00000E-040  3.56545E-024  1.16556E-013  1.91196E-036  1.00000E-003  1.00000E-005  1.00000E-005  1.00000E-004  1.00000E-005  1.00000E-005  1.00000E-005  1.00000E-005  1.00000E-005  1.00000E-005  1.00000E-005  1.00000E-005  1.00000E-005  1.00000E-005  1.00000E-005  1.00000E-005  
7.55000E+001  2.35636E-005  8.18945E+014  2.08403E+002  1.12000E+005  1.00000E-040  1.00000E-040  1.00000E-040  1.07634E-015  1.00000E-040  1.00000E-040  1.00000E-040  1.00000E-040  1.00000E-040  1.00000E-040  1.00000E-040  1.00000E-040  1.00000E-040  1.00000E-040  2.64816E-027  1.00000E-040  1.13267E-040  1.85789E-008  5.67983E-007  8.14212E-006  6.99465E-009  1.76821E-005  2.10415E-001  2.00204E-007  3.92294E-004  1.51200E-018  2.32108E-012  1.16238E-032  7.70022E-025  4.08420E-022  5.88427E-016  8.48333E-008  9.17680E-019  5.18189E-032  1.00000E-040  1.00000E-040  1.69356E-038  1.14512E-020  1.14160E-018  6.84980E-013  5.86396E-012  2.15490E-034  1.00000E-040  2.22551E-024  9.64757E-027  3.47778E-011  7.12079E-012  7.89165E-001  1.76800E-021  7.71163E-027  8.16999E-025  3.20553E-031  2.86082E-036  3.71677E-027  7.40134E-025  2.33309E-009  3.54413E-018  2.24226E-010  2.51407E-018  9.30020E-010  4.91565E-012  7.56826E-007  6.73457E-014  1.22526E-018  1.31204E-015  5.90511E-013  3.33403E-017  6.49408E-011  1.05179E-018  6.98860E-020  2.37830E-032  1.89179E-019  1.00000E-040  5.71240E-010  1.14871E-018  7.20354E-014  2.33618E-023  1.74992E-022  6.35295E-036  1.00000E-040  5.25082E-025  1.57273E-029  3.35314E-014  1.80628E-032  2.55931E-035  1.44196E-025  7.84111E-021  1.42589E-024  5.00694E-031  8.74161E-028  7.34588E-018  7.67554E-019  2.08329E-016  1.48244E-022  1.54680E-031  5.69041E-032  1.54935E-015  3.26068E-036  1.76955E-025  3.64963E-030  5.11038E-023  5.63443E-031  3.17126E-019  7.93255E-022  1.01717E-013  1.00000E-040  2.64532E-017  7.81929E-038  4.14261E-028  4.97219E-022  1.00000E-040  3.94273E-024  1.13567E-013  2.82935E-036  1.00000E-003  1.00000E-005  1.00000E-005  1.00000E-004  1.00000E-005  1.00000E-005  1.00000E-005  1.00000E-005  1.00000E-005  1.00000E-005  1.00000E-005  1.00000E-005  1.00000E-005  1.00000E-005  1.00000E-005  1.00000E-005  
7.65000E+001  2.00734E-005  7.00028E+014  2.07693E+002  1.12000E+005  1.00000E-040  1.00000E-040  1.00000E-040  1.51948E-015  1.00000E-040  1.00000E-040  1.00000E-040  1.00000E-040  1.00000E-040  1.00000E-040  1.00000E-040  1.00000E-040  1.00000E-040  1.00000E-040  1.46016E-027  1.00000E-040  1.15175E-040  2.82012E-008  6.19813E-007  7.99726E-006  7.54638E-009  2.17359E-005  2.10184E-001  2.76886E-007  3.90306E-004  1.56074E-018  2.02983E-012  7.82257E-032  3.47665E-024  1.85191E-021  4.94522E-016  8.27637E-008  1.26432E-018  6.07540E-032  1.00000E-040  1.00000E-040  1.59627E-038  1.08767E-020  1.19190E-018  8.32069E-013  6.54549E-012  1.10177E-033  1.00000E-040  3.08983E-024  4.50559E-026  3.38651E-011  7.96190E-012  7.89395E-001  1.72981E-021  7.23220E-027  9.63514E-025  5.85576E-033  4.41821E-036  1.25361E-026  2.64970E-024  2.17292E-009  3.48584E-018  2.36891E-010  2.22428E-018  8.39953E-010  4.75024E-012  6.74402E-007  5.11829E-014  7.98328E-019  1.43367E-015  4.74941E-013  1.98738E-017  6.27120E-011  1.01543E-018  7.28047E-020  1.72146E-032  1.32010E-019  1.00000E-040  5.67213E-010  1.02181E-018  6.02504E-014  1.85175E-023  1.40437E-022  1.85468E-035  1.00000E-040  4.94844E-025  2.01086E-029  3.00266E-014  7.65809E-032  9.82559E-035  1.12453E-025  7.09545E-021  7.06001E-024  2.04368E-030  8.31727E-028  7.72915E-018  4.98739E-019  1.71996E-016  1.12518E-022  1.20100E-031  2.01972E-031  1.55196E-015  1.04838E-035  1.38147E-025  3.97884E-030  4.66230E-023  1.69422E-031  1.87100E-019  8.30675E-022  1.05962E-013  1.00000E-040  2.62805E-017  3.75407E-037  4.78308E-028  1.80920E-021  1.00000E-040  4.46033E-024  1.10373E-013  5.39097E-036  1.00000E-003  1.00000E-005  1.00000E-005  1.00000E-004  1.00000E-005  1.00000E-005  1.00000E-005  1.00000E-005  1.00000E-005  1.00000E-005  1.00000E-005  1.00000E-005  1.00000E-005  1.00000E-005  1.00000E-005  1.00000E-005  
7.75000E+001  1.70931E-005  5.97766E+014  2.07113E+002  1.12000E+005  1.00000E-040  1.00000E-040  1.00000E-040  2.16863E-015  1.00000E-040  1.00000E-040  1.00000E-040  1.00000E-040  1.00000E-040  1.00000E-040  1.00000E-040  1.00000E-040  1.00000E-040  1.00000E-040  8.29928E-028  1.00000E-040  1.17409E-040  4.32600E-008  6.78965E-007  7.82831E-006  8.23720E-009  2.64592E-005  2.09916E-001  3.81527E-007  3.87997E-004  1.59591E-018  1.75893E-012  5.00975E-031  1.46579E-023  7.85624E-021  4.16070E-016  8.04762E-008  1.74026E-018  7.33234E-032  7.58628E-039  8.21905E-037  1.49072E-038  1.07205E-020  1.27040E-018  1.00305E-012  7.32598E-012  5.32257E-033  1.00000E-040  4.25904E-024  2.06472E-025  3.28092E-011  8.94514E-012  7.89660E-001  1.71474E-021  6.87669E-027  1.16514E-024  1.00000E-040  9.72975E-036  4.24739E-026  8.96398E-024  2.05387E-009  3.54685E-018  2.54970E-010  1.98456E-018  7.57477E-010  4.75110E-012  5.90355E-007  4.01629E-014  5.35544E-019  1.72015E-015  3.86495E-013  1.23186E-017  6.01461E-011  9.72781E-019  7.76579E-020  7.82805E-033  9.10200E-020  1.00000E-040  5.62578E-010  9.11492E-019  5.05259E-014  1.50090E-023  1.14959E-022  5.42493E-035  1.00000E-040  4.64355E-025  2.64150E-029  2.65043E-014  2.98548E-031  3.61098E-034  8.99614E-026  6.91804E-021  3.71515E-023  8.02998E-030  8.20209E-028  8.29080E-018  3.30751E-019  1.40499E-016  8.68517E-023  9.68851E-032  6.79278E-031  1.55086E-015  3.40240E-035  1.10601E-025  4.39730E-030  4.20031E-023  3.07388E-030  1.11208E-019  8.78941E-022  1.08560E-013  1.00000E-040  2.60865E-017  1.79473E-036  5.60878E-028  6.93989E-021  1.00000E-040  5.18651E-024  1.06913E-013  1.22221E-035  1.00000E-003  1.00000E-005  1.00000E-005  1.00000E-004  1.00000E-005  1.00000E-005  1.00000E-005  1.00000E-005  1.00000E-005  1.00000E-005  1.00000E-005  1.00000E-005  1.00000E-005  1.00000E-005  1.00000E-005  1.00000E-005  
7.85000E+001  1.45508E-005  5.10242E+014  2.06551E+002  1.12000E+005  1.00000E-040  1.00000E-040  1.00000E-040  3.23318E-015  1.00000E-040  1.00000E-040  1.00000E-040  1.00000E-040  1.00000E-040  1.00000E-040  1.00000E-040  1.00000E-040  1.00000E-040  1.00000E-040  4.91050E-028  1.00000E-040  1.20028E-040  6.73742E-008  7.45932E-007  7.63076E-006  9.19935E-009  3.16300E-005  2.09606E-001  5.23290E-007  3.85318E-004  1.61008E-018  1.51746E-012  3.32859E-030  6.30986E-023  3.40500E-020  3.51679E-016  7.79209E-008  2.37589E-018  9.22379E-032  2.37498E-036  1.92013E-035  1.37749E-038  1.12424E-020  1.39809E-018  1.18692E-012  8.23038E-012  2.65186E-032  1.00000E-040  5.80788E-024  9.93423E-025  3.15890E-011  1.01019E-011  7.89967E-001  1.72640E-021  6.58208E-027  1.43544E-024  1.00000E-040  3.18504E-035  1.53005E-025  3.14272E-023  1.97568E-009  3.79549E-018  2.83490E-010  1.80024E-018  6.81914E-010  5.05875E-012  5.03662E-007  3.30194E-014  3.75654E-019  2.63247E-015  3.19539E-013  8.15553E-018  5.71794E-011  9.25973E-019  8.50608E-020  1.00000E-040  6.23150E-020  1.00000E-040  5.57253E-010  8.14028E-019  4.26626E-014  1.25892E-023  9.71483E-023  1.58515E-034  1.00000E-040  4.33548E-025  3.66442E-029  2.29262E-014  1.15188E-030  1.40776E-033  7.46533E-026  8.51795E-021  2.07343E-022  3.29878E-029  8.34453E-028  9.18088E-018  2.28192E-019  1.13373E-016  6.89372E-023  8.12400E-032  2.17460E-030  1.54650E-015  1.19968E-034  9.17637E-026  4.95771E-030  3.73049E-023  2.66721E-030  6.75342E-020  9.54475E-022  1.08431E-013  1.00000E-040  2.58684E-017  8.65151E-036  6.75404E-028  2.75040E-020  1.00000E-040  6.21678E-024  1.03128E-013  2.97238E-035  1.00000E-003  1.00000E-005  1.00000E-005  1.00000E-004  1.00000E-005  1.00000E-005  1.00000E-005  1.00000E-005  1.00000E-005  1.00000E-005  1.00000E-005  1.00000E-005  1.00000E-005  1.00000E-005  1.00000E-005  1.00000E-005  
7.95000E+001  1.23817E-005  4.35673E+014  2.05844E+002  1.12000E+005  1.00000E-040  1.00000E-040  1.00000E-040  5.07121E-015  1.00000E-040  1.00000E-040  1.00000E-040  1.00000E-040  1.00000E-040  1.00000E-040  1.00000E-040  1.00000E-040  1.00000E-040  1.00000E-040  3.04694E-028  1.00000E-040  1.23094E-040  1.07290E-007  8.20737E-007  7.39846E-006  1.06473E-008  3.69202E-005  2.09249E-001  7.14381E-007  3.82213E-004  1.61801E-018  1.33063E-012  2.27893E-029  2.74469E-022  1.49461E-019  3.01149E-016  7.50424E-008  3.18982E-018  1.21350E-031  1.11663E-036  1.10261E-035  1.25763E-038  1.27708E-020  1.59943E-018  1.36122E-012  9.29375E-012  1.33355E-031  1.00000E-040  7.81674E-024  4.70119E-024  3.01816E-011  1.14389E-011  7.90322E-001  1.77848E-021  6.28262E-027  1.78711E-024  1.73450E-031  1.29720E-034  5.67480E-025  1.13550E-022  1.93982E-009  4.34290E-018  3.30150E-010  1.67421E-018  6.12649E-010  5.87284E-012  4.16386E-007  2.89482E-014  2.80651E-019  5.62647E-015  2.69736E-013  5.95212E-018  5.37133E-011  8.79102E-019  9.54390E-020  6.80427E-033  4.27254E-020  1.00000E-040  5.51158E-010  7.26710E-019  3.65378E-014  1.10482E-023  8.57126E-023  4.58721E-034  1.00000E-040  4.02411E-025  5.52238E-029  1.93779E-014  4.22703E-030  5.85514E-033  6.48231E-026  1.68915E-020  1.08391E-021  1.40263E-028  8.62972E-028  1.05862E-017  1.67170E-019  9.01162E-017  5.68258E-023  7.01014E-032  6.50557E-030  1.53914E-015  4.54421E-034  7.95574E-026  5.72499E-030  3.26135E-023  1.09562E-029  4.26245E-020  1.08399E-021  1.04874E-013  1.00000E-040  2.56227E-017  4.53402E-035  8.43662E-028  1.00690E-019  1.00000E-040  7.66560E-024  9.89581E-014  7.19519E-035  1.00000E-003  1.00000E-005  1.00000E-005  1.00000E-004  1.00000E-005  1.00000E-005  1.00000E-005  1.00000E-005  1.00000E-005  1.00000E-005  1.00000E-005  1.00000E-005  1.00000E-005  1.00000E-005  1.00000E-005  1.00000E-005  
8.05000E+001  1.05308E-005  3.72210E+014  2.04923E+002  1.12000E+005  1.00000E-040  1.00000E-040  1.00000E-040  8.17823E-015  1.00000E-040  1.00000E-040  1.00000E-040  1.00000E-040  1.00000E-040  1.00000E-040  1.00000E-040  1.00000E-040  1.00000E-040  1.00000E-040  1.99300E-028  1.00000E-040  1.26684E-040  1.75658E-007  9.02514E-007  7.12262E-006  1.27617E-008  4.25343E-005  2.08838E-001  9.71762E-007  3.78622E-004  1.71953E-018  1.26757E-012  1.49129E-028  1.11435E-021  6.13996E-019  2.67626E-016  7.17821E-008  4.20495E-018  3.39175E-031  1.65767E-032  1.39447E-031  1.13268E-038  1.52745E-020  1.87010E-018  1.51120E-012  1.05387E-011  1.20004E-031  1.00000E-040  1.04038E-023  1.98711E-023  2.85633E-011  1.30082E-011  7.90731E-001  1.91928E-021  5.97879E-027  2.23720E-024  1.00000E-040  5.27864E-034  1.96621E-024  3.86015E-022  1.94928E-009  5.30118E-018  4.00725E-010  1.58937E-018  5.49102E-010  7.29377E-012  3.35914E-007  2.71185E-014  2.23623E-019  1.42621E-014  2.33524E-013  4.79274E-018  4.95872E-011  8.38335E-019  1.08431E-019  2.23030E-033  2.94842E-020  1.00000E-040  5.44204E-010  6.47652E-019  3.20835E-014  1.00577E-023  7.82005E-023  1.29643E-033  1.00000E-040  3.71049E-025  8.95653E-029  1.61707E-014  1.00000E-040  2.36969E-032  5.81749E-026  4.80020E-020  4.85038E-021  5.64323E-028  8.91778E-028  1.25070E-017  1.31441E-019  7.01298E-017  4.93347E-023  6.08009E-032  1.76906E-029  1.52888E-015  1.68248E-033  7.12122E-026  6.71163E-030  2.80364E-023  3.28145E-029  2.83615E-020  1.28787E-021  9.89000E-014  1.00000E-040  2.53458E-017  2.68892E-034  1.08474E-027  3.14804E-019  1.00000E-040  9.60148E-024  9.43511E-014  1.63900E-034  1.00000E-003  1.00000E-005  1.00000E-005  1.00000E-004  1.00000E-005  1.00000E-005  1.00000E-005  1.00000E-005  1.00000E-005  1.00000E-005  1.00000E-005  1.00000E-005  1.00000E-005  1.00000E-005  1.00000E-005  1.00000E-005  
8.15000E+001  8.95027E-006  3.18287E+014  2.03673E+002  1.12000E+005  1.00000E-040  1.00000E-040  1.00000E-040  1.31544E-014  1.00000E-040  1.00000E-040  1.00000E-040  1.00000E-040  1.00000E-040  1.00000E-040  1.00000E-040  1.00000E-040  1.00000E-040  1.00000E-040  1.37278E-028  1.00000E-040  1.30887E-040  2.94600E-007  9.88402E-007  6.79066E-006  1.53244E-008  5.07158E-005  2.08365E-001  1.31944E-006  3.74474E-004  2.21094E-018  1.48419E-012  8.74278E-028  3.98149E-021  2.22594E-018  2.58250E-016  6.80803E-008  5.51251E-018  5.11674E-031  2.99457E-032  2.51353E-031  1.00464E-038  1.70328E-020  2.07863E-018  1.66580E-012  1.19323E-011  4.27703E-031  1.00000E-040  1.38281E-023  7.15711E-023  2.67115E-011  1.52218E-011  7.91200E-001  2.22788E-021  5.57766E-027  2.77027E-024  1.00000E-040  1.84438E-033  5.72533E-024  1.10965E-021  2.00832E-009  6.57367E-018  4.82015E-010  1.48442E-018  4.90725E-010  8.80197E-012  2.76370E-007  2.57055E-014  1.80196E-019  3.49675E-014  2.08226E-013  3.92607E-018  4.45491E-011  8.11735E-019  1.18460E-019  2.93842E-033  2.06485E-020  1.00000E-040  5.36301E-010  5.75596E-019  2.91639E-014  8.95980E-024  6.94389E-023  3.53893E-033  1.00000E-040  3.39864E-025  1.42483E-028  1.39452E-014  1.00000E-040  8.11407E-032  5.01986E-026  1.35615E-019  1.81228E-020  1.93775E-027  8.57380E-028  1.41032E-017  1.08485E-019  5.31625E-017  4.60599E-023  5.00714E-032  4.29600E-029  1.51568E-015  5.33069E-033  6.13884E-026  7.55386E-030  2.37012E-023  8.25405E-029  1.98944E-020  1.54409E-021  9.50594E-014  1.00000E-040  2.50337E-017  2.96125E-034  1.36374E-027  8.21184E-019  1.00000E-040  1.14705E-023  8.92593E-014  3.32883E-034  1.00000E-003  1.00000E-005  1.00000E-005  1.00000E-004  1.00000E-005  1.00000E-005  1.00000E-005  1.00000E-005  1.00000E-005  1.00000E-005  1.00000E-005  1.00000E-005  1.00000E-005  1.00000E-005  1.00000E-005  1.00000E-005  
8.25000E+001  7.59847E-006  2.72457E+014  2.01997E+002  1.12000E+005  1.00000E-040  1.00000E-040  1.00000E-040  2.00974E-014  1.00000E-040  1.00000E-040  1.00000E-040  1.00000E-040  1.00000E-040  1.00000E-040  1.00000E-040  1.00000E-040  1.00000E-040  1.00000E-040  9.86713E-029  1.00000E-040  1.35797E-040  4.96296E-007  1.07217E-006  6.38752E-006  1.69618E-008  6.90138E-005  2.07818E-001  1.78964E-006  3.69689E-004  3.78375E-018  2.17009E-012  4.41178E-027  1.22920E-020  6.95723E-018  2.74526E-016  6.38838E-008  7.44184E-018  7.19123E-032  1.00000E-040  1.00000E-040  8.75922E-039  1.40441E-020  1.89889E-018  1.95171E-012  1.33203E-011  5.92820E-030  1.23243E-040  1.86184E-023  2.18187E-022  2.46102E-011  1.95718E-011  7.91734E-001  2.74644E-021  4.81814E-027  3.29649E-024  7.49184E-031  4.89468E-033  1.24949E-023  2.40075E-021  2.12290E-009  7.37075E-018  5.11528E-010  1.25581E-018  4.37020E-010  8.61173E-012  2.55669E-007  2.13578E-014  1.28193E-019  7.53156E-014  1.91674E-013  2.71150E-018  3.82871E-011  8.05839E-019  1.12272E-019  6.40967E-033  1.48206E-020  1.00000E-040  5.27365E-010  5.09459E-019  2.72549E-014  6.89863E-024  5.23298E-023  9.37610E-033  5.08792E-039  3.09739E-025  1.80104E-028  1.36336E-014  6.07313E-029  1.93051E-031  3.54773E-026  2.99658E-019  5.69489E-020  5.07203E-027  6.69491E-028  1.31447E-017  8.47375E-020  3.93502E-017  4.54156E-023  3.52899E-032  9.33062E-029  1.49952E-015  1.19198E-032  4.37010E-026  7.21504E-030  1.97301E-023  1.30323E-028  1.35859E-020  1.69939E-021  1.02806E-013  1.00000E-040  2.46821E-017  1.02077E-034  1.50391E-027  1.79728E-018  1.00000E-040  1.14920E-023  8.36449E-014  5.70233E-034  1.00000E-003  1.00000E-005  1.00000E-005  1.00000E-004  1.00000E-005  1.00000E-005  1.00000E-005  1.00000E-005  1.00000E-005  1.00000E-005  1.00000E-005  1.00000E-005  1.00000E-005  1.00000E-005  1.00000E-005  1.00000E-005  
8.35000E+001  6.44116E-006  2.33310E+014  1.99962E+002  1.12000E+005  1.00000E-040  1.00000E-040  1.00000E-040  2.71355E-014  1.00000E-040  1.00000E-040  1.00000E-040  1.00000E-040  1.00000E-040  1.00000E-040  1.00000E-040  1.00000E-040  1.00000E-040  1.00000E-040  7.38696E-029  1.00000E-040  1.41530E-040  8.07283E-007  1.14540E-006  5.90486E-006  1.59234E-008  1.16326E-004  2.07177E-001  2.41723E-006  3.64185E-004  7.85822E-018  3.22833E-012  1.85197E-026  3.29347E-020  1.84831E-017  2.95075E-016  5.91595E-008  1.07416E-017  1.72940E-031  1.20811E-032  8.77577E-032  7.49245E-039  6.93277E-021  1.24069E-018  2.59025E-012  1.44175E-011  1.92784E-029  4.30830E-040  2.54511E-023  5.69033E-022  2.22573E-011  2.97471E-011  7.92332E-001  3.22578E-021  3.66857E-027  3.64916E-024  1.00000E-040  9.22440E-033  1.90075E-023  3.60878E-021  2.30356E-009  6.61817E-018  4.24253E-010  8.89291E-019  3.87524E-010  5.74339E-012  2.91112E-007  1.41854E-014  7.42046E-020  1.37831E-013  1.81661E-013  1.37437E-018  3.06815E-011  8.16097E-019  8.47060E-020  1.00000E-040  1.09241E-020  1.00000E-040  5.17305E-010  4.47601E-019  2.53112E-014  4.32170E-024  2.96366E-023  2.50760E-032  2.71782E-034  2.81492E-025  1.43926E-028  1.62434E-014  2.34881E-028  2.76094E-031  1.81377E-026  4.64469E-019  1.53182E-019  9.34837E-027  3.78983E-028  8.81042E-018  5.41927E-020  2.88387E-017  4.31052E-023  1.91682E-032  1.85058E-028  1.48039E-015  1.60512E-032  2.27350E-026  5.17349E-030  1.62070E-023  9.65524E-029  7.65227E-021  1.54495E-021  1.37123E-013  1.00000E-040  2.42873E-017  1.00000E-040  1.30650E-027  3.36225E-018  1.00000E-040  8.56874E-024  7.74789E-014  7.97327E-034  1.00000E-003  1.00000E-005  1.00000E-005  1.00000E-004  1.00000E-005  1.00000E-005  1.00000E-005  1.00000E-005  1.00000E-005  1.00000E-005  1.00000E-005  1.00000E-005  1.00000E-005  1.00000E-005  1.00000E-005  1.00000E-005  
8.45000E+001  5.44987E-006  1.99669E+014  1.97693E+002  1.12000E+005  1.00000E-040  1.00000E-040  1.00000E-040  3.06610E-014  1.00000E-040  1.00000E-040  1.00000E-040  1.00000E-040  1.00000E-040  1.00000E-040  1.00000E-040  1.00000E-040  1.00000E-040  1.00000E-040  5.88833E-029  1.00000E-040  1.48219E-040  1.22153E-006  1.20340E-006  5.35172E-006  1.30832E-008  2.30744E-004  2.06412E-001  3.22601E-006  3.57887E-004  1.67033E-017  4.05470E-012  6.31638E-026  7.74516E-020  4.07796E-017  2.95454E-016  5.39121E-008  1.63624E-017  1.00000E-040  1.00000E-040  1.00000E-040  6.27430E-039  2.15798E-021  5.90033E-019  3.72125E-012  1.49814E-011  3.47971E-029  8.05676E-040  3.44284E-023  1.28767E-021  1.96767E-011  5.48001E-011  7.92988E-001  3.49427E-021  2.61084E-027  3.67350E-024  1.00000E-040  1.34204E-032  2.16942E-023  3.99357E-021  2.57099E-009  4.82949E-018  2.78301E-010  5.39073E-019  3.41834E-010  2.65328E-012  3.94687E-007  9.13511E-015  4.22211E-020  2.12218E-013  1.75610E-013  5.89748E-019  2.21805E-011  8.22498E-019  5.26878E-020  6.38275E-035  8.22539E-021  1.00000E-040  5.06035E-010  3.87960E-019  2.26459E-014  2.70597E-024  1.39939E-023  7.35287E-032  2.11487E-029  2.54672E-025  7.27290E-029  2.22213E-014  5.38203E-028  2.78426E-031  7.72219E-027  5.33522E-019  3.59025E-019  1.27954E-026  1.60304E-028  4.31496E-018  2.84052E-020  2.12226E-017  3.91916E-023  7.96675E-033  3.44317E-028  1.45835E-015  1.43708E-032  9.83803E-027  5.28835E-030  1.32133E-023  4.02190E-029  3.43475E-021  1.17239E-021  2.18025E-013  1.00000E-040  2.38461E-017  1.00000E-040  9.01854E-028  5.50313E-018  1.00000E-040  4.85499E-024  7.07570E-014  9.38249E-034  1.00000E-003  1.00000E-005  1.00000E-005  1.00000E-004  1.00000E-005  1.00000E-005  1.00000E-005  1.00000E-005  1.00000E-005  1.00000E-005  1.00000E-005  1.00000E-005  1.00000E-005  1.00000E-005  1.00000E-005  1.00000E-005  
8.55000E+001  4.60217E-006  1.70574E+014  1.95419E+002  1.12000E+005  1.00000E-040  1.00000E-040  1.00000E-040  2.41159E-014  1.00000E-040  1.00000E-040  1.00000E-040  1.00000E-040  1.00000E-040  1.00000E-040  1.00000E-040  1.00000E-040  1.00000E-040  1.00000E-040  5.04060E-029  1.00000E-040  1.56039E-040  1.70757E-006  1.24832E-006  4.74845E-006  1.03359E-008  4.76808E-004  2.05473E-001  4.22552E-006  3.50728E-004  3.24712E-017  4.17572E-012  1.79167E-025  1.61691E-019  7.24941E-017  2.76430E-016  4.82071E-008  2.49628E-017  1.14704E-030  6.74457E-031  3.11900E-030  5.13206E-039  5.30597E-022  2.33969E-019  5.25065E-012  1.49816E-011  4.51979E-029  1.13203E-039  4.43697E-023  2.56147E-021  1.69285E-011  1.32211E-010  7.93687E-001  4.30354E-021  1.89681E-027  3.39716E-024  1.00000E-040  1.75100E-032  2.13760E-023  3.69611E-021  2.95330E-009  3.21056E-018  1.61446E-010  3.03508E-019  2.99614E-010  9.74513E-013  5.69201E-007  7.11215E-015  2.90196E-020  2.80189E-013  1.70186E-013  2.67843E-019  1.45250E-011  8.04646E-019  3.04553E-020  1.00000E-040  6.18871E-021  1.00000E-040  4.93461E-010  3.29458E-019  1.94269E-014  2.04967E-024  6.93709E-024  7.65438E-033  1.00000E-040  2.28303E-025  2.82732E-029  3.07165E-014  9.66925E-028  2.82936E-031  3.51868E-027  5.17471E-019  7.44414E-019  1.46862E-026  5.91865E-029  1.76319E-018  1.38660E-020  1.56891E-017  4.18364E-023  2.79001E-033  6.10558E-028  1.43333E-015  1.06873E-032  4.51835E-027  1.02727E-030  1.07893E-023  1.28211E-029  1.38020E-021  8.02814E-022  3.69332E-013  1.00000E-040  2.33555E-017  1.49228E-033  5.46579E-028  8.03074E-018  1.00000E-040  2.38586E-024  6.35315E-014  9.89818E-034  1.00000E-003  1.00000E-005  1.00000E-005  1.00000E-004  1.00000E-005  1.00000E-005  1.00000E-005  1.00000E-005  1.00000E-005  1.00000E-005  1.00000E-005  1.00000E-005  1.00000E-005  1.00000E-005  1.00000E-005  1.00000E-005  
8.65000E+001  3.87948E-006  1.45375E+014  1.93286E+002  1.12000E+005  1.00000E-040  1.00000E-040  1.00000E-040  1.15995E-014  1.00000E-040  1.00000E-040  1.00000E-040  1.00000E-040  1.00000E-040  1.00000E-040  1.00000E-040  1.00000E-040  1.00000E-040  1.00000E-040  4.49627E-029  1.00000E-040  1.65199E-040  2.22968E-006  1.28462E-006  4.11867E-006  8.23856E-009  9.49565E-004  2.04294E-001  5.41807E-006  3.42648E-004  5.56313E-017  3.73486E-012  7.37255E-025  3.02445E-019  1.03054E-016  2.48562E-016  4.21838E-008  3.67483E-017  3.82918E-030  4.00942E-030  1.42288E-029  4.09027E-039  1.23867E-022  8.68868E-020  6.93044E-012  1.45495E-011  5.81923E-029  1.76498E-039  5.32970E-023  4.52279E-021  1.41139E-011  4.48662E-010  7.94400E-001  7.49006E-021  1.43404E-027  2.95117E-024  1.00000E-040  2.23401E-032  1.97635E-023  3.10813E-021  3.44622E-009  2.09592E-018  9.03601E-011  1.66299E-019  2.60636E-010  3.18584E-013  8.07646E-007  6.46996E-015  2.31327E-020  3.32526E-013  1.61614E-013  1.37758E-019  9.23300E-012  7.55560E-019  1.78257E-020  1.36324E-033  4.51927E-021  1.00000E-040  4.79498E-010  2.72601E-019  1.60700E-014  1.77118E-024  3.94760E-024  3.08038E-032  2.54934E-030  2.02047E-025  9.99733E-030  3.97040E-014  1.93708E-027  3.27187E-031  1.86628E-027  4.61584E-019  1.38102E-018  1.53239E-026  2.14793E-029  6.73786E-019  6.95545E-021  1.15974E-017  6.26760E-023  9.12483E-034  1.03653E-027  1.40518E-015  7.47083E-033  2.40592E-027  9.55743E-031  8.89212E-024  3.86666E-030  5.49328E-022  5.15452E-022  6.17356E-013  1.00000E-040  2.28132E-017  1.00000E-040  3.15658E-028  1.05751E-017  1.00000E-040  1.12398E-024  5.59380E-014  9.75871E-034  1.00000E-003  1.00000E-005  1.00000E-005  1.00000E-004  1.00000E-005  1.00000E-005  1.00000E-005  1.00000E-005  1.00000E-005  1.00000E-005  1.00000E-005  1.00000E-005  1.00000E-005  1.00000E-005  1.00000E-005  1.00000E-005  
8.75000E+001  3.26418E-006  1.23571E+014  1.91326E+002  1.12000E+005  1.00000E-040  1.00000E-040  1.00000E-040  3.68642E-015  1.00000E-040  1.00000E-040  1.00000E-040  1.00000E-040  1.00000E-040  1.00000E-040  1.00000E-040  1.00000E-040  1.00000E-040  1.00000E-040  4.03208E-029  1.00000E-040  1.75902E-040  2.75357E-006  1.31505E-006  3.48796E-006  6.65106E-009  1.77055E-003  2.02793E-001  6.80143E-006  3.33607E-004  8.41047E-017  3.12427E-012  2.08258E-023  5.11079E-019  1.21273E-016  2.18519E-016  3.60524E-008  5.16585E-017  1.00000E-040  1.00000E-040  1.00000E-040  3.16896E-039  3.01210E-023  3.22276E-020  8.51101E-012  1.38417E-011  4.63853E-029  1.47703E-039  5.96248E-023  7.14377E-021  1.13667E-011  1.82089E-009  7.95087E-001  1.65753E-020  1.11660E-027  2.45548E-024  1.00000E-040  2.85413E-032  1.76559E-023  2.45907E-021  3.91579E-009  1.34196E-018  5.08192E-011  8.92626E-020  2.24806E-010  9.95228E-014  1.09162E-006  6.07095E-015  1.88726E-020  3.65650E-013  1.46949E-013  7.48956E-020  5.90723E-012  6.81109E-019  1.09292E-020  1.00000E-040  3.13172E-021  1.00000E-040  4.64095E-010  2.18982E-019  1.28833E-014  1.58721E-024  2.47727E-024  2.86345E-032  2.01303E-030  1.76110E-025  3.49452E-030  4.69234E-014  2.05256E-027  3.72604E-031  1.10050E-027  3.92474E-019  2.31330E-018  1.50622E-026  8.05714E-030  2.56683E-019  3.73190E-021  8.53499E-018  1.17385E-022  2.99142E-034  1.68472E-027  1.37373E-015  5.06276E-033  1.42200E-027  6.85513E-031  7.43163E-024  1.17916E-030  2.26491E-022  3.10206E-022  9.86982E-013  1.00000E-040  2.22182E-017  1.00000E-040  1.80742E-028  1.26645E-017  1.00000E-040  5.30017E-025  4.81984E-014  9.10345E-034  1.00000E-003  1.00000E-005  1.00000E-005  1.00000E-004  1.00000E-005  1.00000E-005  1.00000E-005  1.00000E-005  1.00000E-005  1.00000E-005  1.00000E-005  1.00000E-005  1.00000E-005  1.00000E-005  1.00000E-005  1.00000E-005  
8.85000E+001  2.74281E-006  1.04688E+014  1.89765E+002  1.12000E+005  1.00000E-040  1.00000E-040  1.00000E-040  3.37729E-017  1.00000E-040  1.00000E-040  1.00000E-040  1.00000E-040  1.00000E-040  1.00000E-040  1.00000E-040  1.00000E-040  1.00000E-040  1.00000E-040  3.56504E-029  1.00000E-040  1.88434E-040  3.25069E-006  1.34122E-006  2.88266E-006  5.36304E-009  3.07338E-003  2.00885E-001  8.36830E-006  3.23573E-004  1.13334E-016  2.56189E-012  6.77524E-022  7.86881E-019  1.24920E-016  1.89284E-016  3.00686E-008  6.97626E-017  1.00000E-040  1.00000E-040  1.00000E-040  2.38110E-039  7.76141E-024  1.23383E-020  9.84382E-012  1.29441E-011  5.16012E-029  9.69799E-040  6.25863E-023  1.01885E-020  8.82831E-012  7.22001E-009  7.95701E-001  3.75577E-020  9.10115E-028  2.01939E-024  1.00000E-040  3.60591E-032  1.52319E-023  1.85046E-021  4.05655E-009  8.01497E-019  2.91465E-011  4.66261E-020  1.92116E-010  3.09599E-014  1.38371E-006  5.27896E-015  1.41399E-020  3.76405E-013  1.26099E-013  3.86038E-020  3.90107E-012  5.93213E-019  7.21115E-021  1.00000E-040  2.01059E-021  1.00000E-040  4.47218E-010  1.70469E-019  1.00436E-014  1.41270E-024  1.64142E-024  3.54652E-032  2.85607E-030  1.50929E-025  1.23914E-030  5.06486E-014  1.66914E-027  3.86162E-031  6.94020E-028  3.22325E-019  3.53219E-018  1.41123E-026  3.33978E-030  1.00418E-019  2.15688E-021  6.20524E-018  2.28220E-022  1.05496E-034  2.61751E-027  1.33881E-015  3.23603E-033  8.98095E-028  5.01527E-031  6.30885E-024  3.62392E-031  9.75783E-023  1.71897E-022  1.48931E-012  1.00000E-040  2.15696E-017  1.00000E-040  1.04313E-028  1.38815E-017  7.72489E-039  2.60035E-025  4.05904E-014  7.99304E-034  1.00000E-003  1.00000E-005  1.00000E-005  1.00000E-004  1.00000E-005  1.00000E-005  1.00000E-005  1.00000E-005  1.00000E-005  1.00000E-005  1.00000E-005  1.00000E-005  1.00000E-005  1.00000E-005  1.00000E-005  1.00000E-005  
8.95000E+001  2.30357E-006  8.84405E+013  1.88654E+002  1.12000E+005  1.00000E-040  1.00000E-040  1.00000E-040  1.00000E-040  1.00000E-040  1.00000E-040  1.00000E-040  1.00000E-040  1.00000E-040  1.00000E-040  1.00000E-040  1.00000E-040  1.00000E-040  1.00000E-040  3.09172E-029  1.00000E-040  2.03133E-040  3.69994E-006  1.36380E-006  2.32642E-006  4.27843E-009  4.98045E-003  1.98494E-001  1.01045E-005  3.12545E-004  1.37346E-016  2.09809E-012  1.35326E-020  1.11245E-018  1.18347E-016  1.61932E-016  2.44856E-008  9.11245E-017  6.74459E-031  1.96573E-030  3.96866E-030  1.73153E-039  2.10741E-024  4.94883E-021  1.08485E-011  1.19124E-011  3.38858E-028  1.43570E-039  6.23398E-023  1.32303E-020  6.61580E-012  2.52385E-008  7.96194E-001  7.77552E-020  7.78530E-028  1.67018E-024  1.00000E-040  4.43233E-032  1.26741E-023  1.33083E-021  3.69469E-009  4.33333E-019  1.71469E-011  2.36948E-020  1.62611E-010  9.83478E-015  1.64060E-006  4.04791E-015  9.26799E-021  3.50164E-013  1.02585E-013  1.77409E-020  2.41932E-012  5.04035E-019  5.16051E-021  1.06323E-033  1.19087E-021  1.00000E-040  4.28881E-010  1.28603E-019  7.63503E-015  1.22909E-024  1.11762E-024  6.24779E-033  5.59129E-031  1.27025E-025  4.50375E-031  5.04762E-014  2.98532E-027  3.68180E-031  4.56111E-028  2.56877E-019  4.95682E-018  1.26777E-026  1.56455E-030  4.09097E-020  1.33283E-021  4.44029E-018  4.15836E-022  4.30469E-035  3.87507E-027  1.30030E-015  1.92421E-033  5.90743E-028  1.93441E-031  5.43994E-024  1.11314E-031  4.38787E-023  8.79695E-023  2.11691E-012  1.00000E-040  2.08679E-017  2.65207E-033  6.10012E-029  1.40237E-017  5.76541E-034  1.34416E-025  3.34037E-014  6.55837E-034  1.00000E-003  1.00000E-005  1.00000E-005  1.00000E-004  1.00000E-005  1.00000E-005  1.00000E-005  1.00000E-005  1.00000E-005  1.00000E-005  1.00000E-005  1.00000E-005  1.00000E-005  1.00000E-005  1.00000E-005  1.00000E-005  
9.05000E+001  1.93367E-006  7.45654E+013  1.87829E+002  1.12000E+005  1.00000E-040  1.00000E-040  1.00000E-040  1.00000E-040  1.00000E-040  1.00000E-040  1.00000E-040  1.00000E-040  1.00000E-040  1.00000E-040  1.00000E-040  1.00000E-040  1.00000E-040  1.00000E-040  2.65003E-029  1.00000E-040  2.20299E-040  4.08601E-006  1.38224E-006  1.83689E-006  3.36659E-009  7.58143E-003  1.95573E-001  1.19872E-005  3.00577E-004  1.51524E-016  1.72577E-012  1.72355E-019  1.45656E-018  1.06544E-016  1.36961E-016  1.95079E-008  1.15929E-016  1.00000E-040  1.00000E-040  1.00000E-040  1.21676E-039  6.04740E-025  2.09193E-021  1.15152E-011  1.07906E-011  2.80443E-027  1.81529E-039  5.98297E-023  1.57820E-020  4.79831E-012  7.45354E-008  7.96524E-001  1.40397E-019  6.85098E-028  1.38451E-024  1.00000E-040  5.26764E-032  1.02391E-023  9.20391E-022  3.07525E-009  2.20674E-019  1.03593E-011  1.18665E-020  1.36357E-010  3.23815E-015  1.83007E-006  2.83596E-015  5.52108E-021  2.93911E-013  8.05886E-014  7.36238E-021  1.41146E-012  4.22003E-019  3.96266E-021  5.33541E-034  6.58808E-022  1.00000E-040  4.09185E-010  9.42207E-020  5.67853E-015  1.04090E-024  7.64513E-025  1.00000E-040  1.00000E-040  1.04931E-025  1.68892E-031  4.72413E-014  4.42453E-027  3.29921E-031  3.03871E-028  1.99301E-019  6.44670E-018  1.09828E-026  8.04626E-031  1.74963E-020  8.69609E-022  3.13268E-018  6.75842E-022  2.27353E-035  5.44929E-027  1.25829E-015  1.07765E-033  3.93577E-028  1.00000E-040  4.76092E-024  3.42243E-032  2.05589E-023  4.24301E-023  2.85016E-012  1.00000E-040  2.01167E-017  1.00000E-040  3.61201E-029  1.31592E-017  1.76709E-029  7.21976E-026  2.68933E-014  5.02217E-034  1.00000E-003  1.00000E-005  1.00000E-005  1.00000E-004  1.00000E-005  1.00000E-005  1.00000E-005  1.00000E-005  1.00000E-005  1.00000E-005  1.00000E-005  1.00000E-005  1.00000E-005  1.00000E-005  1.00000E-005  1.00000E-005  
9.15000E+001  1.62335E-006  6.27502E+013  1.87376E+002  1.12000E+005  1.00000E-040  1.00000E-040  1.00000E-040  1.00000E-040  1.00000E-040  1.00000E-040  1.00000E-040  1.00000E-040  1.00000E-040  1.00000E-040  1.00000E-040  1.00000E-040  1.00000E-040  1.00000E-040  2.29236E-029  1.00000E-040  2.40339E-040  4.40476E-006  1.39667E-006  1.42343E-006  2.60053E-009  1.09248E-002  1.92107E-001  1.39866E-005  2.87753E-004  1.54854E-016  1.41371E-012  1.49238E-018  1.78469E-018  9.29246E-017  1.14788E-016  1.52591E-008  1.44972E-016  1.00000E-040  1.00000E-040  1.00000E-040  8.25363E-040  1.82226E-025  9.34014E-022  1.19109E-011  9.59049E-012  1.74214E-026  1.40989E-039  5.58043E-023  1.75243E-020  3.38776E-012  1.85354E-007  7.96658E-001  2.19790E-019  6.25355E-028  1.15726E-024  1.00000E-040  5.99775E-032  8.02105E-024  6.15285E-022  2.47455E-009  1.11808E-019  6.41507E-012  6.06905E-021  1.13361E-010  1.10424E-015  1.92420E-006  1.91751E-015  3.15692E-021  2.24815E-013  6.21537E-014  2.85422E-021  7.79622E-013  3.50919E-019  3.28506E-021  9.19614E-034  3.40351E-022  1.00000E-040  3.88284E-010  6.72854E-020  4.14846E-015  8.58163E-025  5.25890E-025  2.53851E-032  1.27132E-030  8.50784E-026  6.49486E-032  4.19184E-014  3.89693E-027  2.81303E-031  2.05979E-028  1.51262E-019  7.85549E-018  9.20178E-027  4.65038E-031  7.86247E-021  5.91488E-022  2.17946E-018  9.72378E-022  1.81481E-035  7.26435E-027  1.21294E-015  5.62320E-034  2.67079E-028  3.37352E-031  4.22248E-024  1.04356E-032  9.96709E-024  1.94382E-023  3.64998E-012  1.00000E-040  1.93208E-017  1.00000E-040  2.16212E-029  1.15758E-017  1.30601E-025  4.07093E-026  2.12313E-014  3.60030E-034  1.00000E-003  1.00000E-005  1.00000E-005  1.00000E-004  1.00000E-005  1.00000E-005  1.00000E-005  1.00000E-005  1.00000E-005  1.00000E-005  1.00000E-005  1.00000E-005  1.00000E-005  1.00000E-005  1.00000E-005  1.00000E-005  
9.25000E+001  1.36412E-006  5.27626E+013  1.87259E+002  1.12000E+005  1.00000E-040  1.00000E-040  1.00000E-040  1.00000E-040  1.00000E-040  1.00000E-040  1.00000E-040  1.00000E-040  1.00000E-040  1.00000E-040  1.00000E-040  1.00000E-040  1.00000E-040  1.00000E-040  2.04092E-029  1.00000E-040  2.63731E-040  4.66024E-006  1.40750E-006  1.08699E-006  1.97330E-009  1.50142E-002  1.88115E-001  1.60668E-005  2.74196E-004  1.49271E-016  1.14996E-012  9.30571E-018  2.06772E-018  7.94683E-017  9.55799E-017  1.17732E-008  1.79076E-016  1.00000E-040  1.91864E-030  6.93666E-031  5.40198E-040  5.76347E-026  4.40034E-022  1.20945E-011  8.35114E-012  8.03765E-026  1.00600E-039  5.10055E-023  1.83744E-020  2.34920E-012  3.95683E-007  7.96571E-001  3.03713E-019  5.89672E-028  9.72781E-025  3.66329E-032  6.53917E-032  6.11881E-024  4.00763E-022  1.97764E-009  5.78433E-020  4.06785E-012  3.38377E-021  9.35517E-011  3.87721E-016  1.91851E-006  1.28620E-015  1.78374E-021  1.58879E-013  4.75921E-014  1.06301E-021  4.11175E-013  2.91479E-019  2.92359E-021  2.79012E-035  1.65701E-022  1.00000E-040  3.66386E-010  4.70695E-020  2.99081E-015  6.90443E-025  3.63525E-025  4.03714E-033  1.11876E-036  6.77618E-026  2.55742E-032  3.56427E-014  3.01110E-027  2.30115E-031  1.41671E-028  1.13082E-019  9.06247E-018  7.49474E-027  3.01428E-031  3.71045E-021  4.15072E-022  1.50487E-018  1.25601E-021  2.06394E-035  9.17482E-027  1.16455E-015  2.75467E-034  1.83927E-028  2.70421E-032  3.78850E-024  1.27480E-031  4.98361E-024  8.57163E-024  4.48657E-012  1.00000E-040  1.84865E-017  3.19404E-033  1.30595E-029  9.64758E-018  2.25164E-022  2.40515E-026  1.64908E-014  2.43986E-034  1.00000E-003  1.00000E-005  1.00000E-005  1.00000E-004  1.00000E-005  1.00000E-005  1.00000E-005  1.00000E-005  1.00000E-005  1.00000E-005  1.00000E-005  1.00000E-005  1.00000E-005  1.00000E-005  1.00000E-005  1.00000E-005  
9.35000E+001  1.14754E-006  4.43845E+013  1.87264E+002  1.12000E+005  1.00000E-040  1.00000E-040  1.00000E-040  1.00000E-040  1.00000E-040  1.00000E-040  1.00000E-040  1.00000E-040  1.00000E-040  1.00000E-040  1.00000E-040  1.00000E-040  1.00000E-040  1.00000E-040  1.88314E-029  1.00000E-040  2.90966E-040  4.85971E-006  1.41495E-006  8.22062E-007  1.47829E-009  1.98111E-002  1.83652E-001  1.81861E-005  2.60073E-004  1.38100E-016  9.36259E-013  4.39864E-017  2.29028E-018  6.72632E-017  7.93825E-017  9.01251E-009  2.18844E-016  1.31145E-030  1.24916E-031  2.06997E-030  3.41213E-040  1.93385E-026  2.18087E-022  1.21037E-011  7.12922E-012  2.88080E-025  1.03439E-039  4.62229E-023  1.85109E-020  1.62202E-012  7.43948E-007  7.96249E-001  3.79635E-019  5.61136E-028  8.11366E-025  1.00000E-040  6.90190E-032  4.60479E-024  2.57542E-022  1.58436E-009  3.08138E-020  2.64030E-012  2.19148E-021  7.67869E-011  1.40019E-016  1.83206E-006  8.65185E-016  1.00991E-021  1.05300E-013  3.64942E-014  3.88501E-022  2.09086E-013  2.42806E-019  2.73557E-021  1.00000E-040  7.75262E-023  1.00000E-040  3.43770E-010  3.24602E-020  2.13950E-015  5.45737E-025  2.48542E-025  5.84782E-034  1.04691E-037  5.31106E-026  1.03687E-032  2.94396E-014  3.16774E-027  1.82916E-031  9.74146E-029  8.42861E-020  1.00018E-017  5.98556E-027  2.10304E-031  1.83886E-021  2.98568E-022  1.04829E-018  1.48659E-021  2.67345E-035  1.09986E-026  1.11358E-015  1.30631E-034  1.25770E-028  1.93689E-032  3.43293E-024  1.00000E-040  2.57637E-024  3.70523E-024  5.38494E-012  1.00000E-040  1.76227E-017  3.43989E-033  7.94828E-030  7.70270E-018  1.08323E-019  1.45973E-026  1.26577E-014  1.59040E-034  1.00000E-003  1.00000E-005  1.00000E-005  1.00000E-004  1.00000E-005  1.00000E-005  1.00000E-005  1.00000E-005  1.00000E-005  1.00000E-005  1.00000E-005  1.00000E-005  1.00000E-005  1.00000E-005  1.00000E-005  1.00000E-005  
9.45000E+001  9.65961E-007  3.73657E+013  1.87242E+002  1.12000E+005  1.00000E-040  1.00000E-040  1.00000E-040  1.00000E-040  1.00000E-040  1.00000E-040  1.00000E-040  1.00000E-040  1.00000E-040  1.00000E-040  1.00000E-040  1.00000E-040  1.00000E-040  1.00000E-040  1.79186E-029  1.00000E-040  3.22568E-040  5.01154E-006  1.41916E-006  6.19441E-007  1.09681E-009  2.52418E-002  1.78800E-001  2.02969E-005  2.45577E-004  1.24798E-016  7.70859E-013  1.64997E-016  2.45693E-018  5.69054E-017  6.62218E-017  6.89501E-009  2.65038E-016  6.27818E-030  2.67049E-029  3.92702E-029  2.08174E-040  6.92773E-027  1.13239E-022  1.19741E-011  5.96676E-012  8.39416E-025  9.11425E-040  4.18692E-023  1.84092E-020  1.14061E-012  1.26243E-006  7.95682E-001  4.38982E-019  5.30317E-028  6.66417E-025  1.00000E-040  7.15168E-032  3.46480E-024  1.65955E-022  1.27619E-009  1.74844E-020  1.75170E-012  1.65793E-021  6.28676E-011  5.20489E-017  1.68767E-006  5.85742E-016  5.75957E-022  6.64326E-014  2.82356E-014  1.41184E-022  1.03575E-013  2.03477E-019  2.65477E-021  4.12019E-034  3.53077E-023  1.00000E-040  3.20747E-010  2.22358E-020  1.52858E-015  4.27819E-025  1.70561E-025  3.06681E-033  1.45177E-031  4.10845E-026  4.34425E-033  2.38449E-014  2.51125E-027  1.44427E-031  6.64767E-029  6.40578E-020  1.06924E-017  4.73328E-027  1.53642E-031  9.55116E-022  2.19819E-022  7.58330E-019  1.65148E-021  3.49215E-035  1.25650E-026  1.06061E-015  6.14758E-035  8.62407E-029  7.68770E-032  3.13682E-024  3.07074E-034  1.38328E-024  1.58502E-024  6.48567E-012  1.00000E-040  1.67390E-017  1.71887E-032  4.87461E-030  5.96145E-018  1.78143E-017  8.99125E-027  9.65458E-015  1.02234E-034  1.00000E-003  1.00000E-005  1.00000E-005  1.00000E-004  1.00000E-005  1.00000E-005  1.00000E-005  1.00000E-005  1.00000E-005  1.00000E-005  1.00000E-005  1.00000E-005  1.00000E-005  1.00000E-005  1.00000E-005  1.00000E-005  
9.55000E+001  8.13462E-007  3.14677E+013  1.87236E+002  1.12000E+005  1.00000E-040  1.00000E-040  1.00000E-040  1.00000E-040  1.00000E-040  1.00000E-040  1.00000E-040  1.00000E-040  1.00000E-040  1.00000E-040  1.00000E-040  1.00000E-040  1.00000E-040  1.00000E-040  1.74162E-029  1.00000E-040  3.59167E-040  5.12489E-006  1.42049E-006  4.68717E-007  8.05638E-010  3.12009E-002  1.73662E-001  2.23444E-005  2.30918E-004  1.12216E-016  6.46617E-013  5.10967E-016  2.59280E-018  4.87010E-017  5.60886E-017  5.32197E-009  3.18755E-016  1.42365E-030  1.78290E-030  6.40617E-031  1.22833E-040  2.63118E-027  6.13325E-023  1.17386E-011  4.88825E-012  2.06193E-024  1.29494E-039  3.78641E-023  1.88829E-020  8.48734E-013  1.97402E-006  7.94873E-001  4.79173E-019  5.00437E-028  5.44627E-025  9.28964E-033  7.35784E-032  2.63040E-024  1.09380E-022  1.03787E-009  3.33319E-020  1.18543E-012  1.40016E-021  5.15498E-011  1.98655E-017  1.50286E-006  4.00564E-016  3.31824E-022  4.04763E-014  2.21869E-014  5.13654E-023  5.05102E-014  1.72056E-019  2.68414E-021  1.00000E-040  1.56486E-023  1.00000E-040  2.97634E-010  1.52697E-020  1.09977E-015  3.35685E-025  1.16965E-025  1.00000E-040  1.00000E-040  3.15006E-026  1.87732E-033  1.89761E-014  3.25218E-027  1.17049E-031  4.55750E-029  5.16303E-020  1.12439E-017  3.74484E-027  1.18821E-031  5.17356E-022  1.66245E-022  5.98555E-019  1.77663E-021  4.60616E-035  1.37479E-026  1.00623E-015  2.88831E-035  5.91360E-029  1.08818E-032  2.88521E-024  1.01317E-034  7.75445E-025  6.69505E-025  8.19631E-012  1.00000E-040  1.58449E-017  4.49229E-033  3.01839E-030  4.53538E-018  1.20157E-015  5.67465E-027  7.36977E-015  6.71487E-035  1.00000E-003  1.00000E-005  1.00000E-005  1.00000E-004  1.00000E-005  1.00000E-005  1.00000E-005  1.00000E-005  1.00000E-005  1.00000E-005  1.00000E-005  1.00000E-005  1.00000E-005  1.00000E-005  1.00000E-005  1.00000E-005  
9.65000E+001  6.85563E-007  2.65054E+013  1.87340E+002  1.12000E+005  1.00000E-040  1.00000E-040  1.00000E-040  1.00000E-040  1.00000E-040  1.00000E-040  1.00000E-040  1.00000E-040  1.00000E-040  1.00000E-040  1.00000E-040  1.00000E-040  1.00000E-040  1.00000E-040  1.71418E-029  1.00000E-040  4.01533E-040  5.20837E-006  1.41951E-006  3.60157E-007  5.85753E-010  3.75440E-002  1.68368E-001  2.42604E-005  2.16315E-004  1.02490E-016  5.58471E-013  1.34999E-015  2.74233E-018  4.28223E-017  4.89724E-017  4.19840E-009  3.80960E-016  2.74433E-030  1.38752E-029  1.92485E-029  1.00000E-040  1.04883E-027  3.45331E-023  1.14174E-011  3.91366E-012  4.39347E-024  1.41867E-039  3.39943E-023  2.12456E-020  7.07313E-013  2.89276E-006  7.93836E-001  5.23834E-019  4.76915E-028  4.60322E-025  2.90872E-032  7.62497E-032  2.03833E-024  7.57664E-023  8.58782E-010  4.95879E-019  8.17386E-013  1.25652E-021  4.25688E-011  7.76125E-018  1.29520E-006  2.78721E-016  1.94365E-022  2.41853E-014  1.78147E-014  1.88172E-023  2.45301E-014  1.47339E-019  2.85957E-021  1.82536E-033  6.73232E-024  1.00000E-040  2.74739E-010  1.06455E-020  8.05980E-016  2.67233E-025  8.19789E-026  1.00000E-040  1.00000E-040  2.40867E-026  8.36243E-034  1.48315E-014  2.63254E-027  1.01885E-031  3.20562E-029  4.67745E-020  1.18448E-017  3.00599E-027  9.88544E-032  2.90867E-022  1.30312E-022  5.54914E-019  2.04061E-021  6.44441E-035  1.44784E-026  9.51072E-016  1.36325E-035  4.15833E-029  8.54549E-033  2.66686E-024  1.00000E-040  4.58681E-025  2.78261E-025  1.15886E-011  1.00000E-040  1.49495E-017  7.60956E-033  1.89511E-030  3.45255E-018  3.88395E-014  3.73548E-027  5.68306E-015  4.73860E-035  1.00000E-003  1.00000E-005  1.00000E-005  1.00000E-004  1.00000E-005  1.00000E-005  1.00000E-005  1.00000E-005  1.00000E-005  1.00000E-005  1.00000E-005  1.00000E-005  1.00000E-005  1.00000E-005  1.00000E-005  1.00000E-005  
9.75000E+001  5.78039E-007  2.23242E+013  1.87542E+002  1.12000E+005  1.00000E-040  1.00000E-040  1.00000E-040  1.00000E-040  1.00000E-040  1.00000E-040  1.00000E-040  1.00000E-040  1.00000E-040  1.00000E-040  1.00000E-040  1.00000E-040  1.00000E-040  1.00000E-040  1.69667E-029  1.00000E-040  4.50479E-040  5.26721E-006  1.41653E-006  2.85899E-007  4.22135E-010  4.40631E-002  1.63084E-001  2.59557E-005  2.02016E-004  9.75961E-017  5.08294E-013  3.13318E-015  2.97823E-018  3.95449E-017  4.50890E-017  3.44656E-009  4.52312E-016  1.00000E-040  1.00000E-040  1.00000E-040  1.00000E-040  4.37799E-028  2.01778E-023  1.10217E-011  3.05936E-012  8.35047E-024  1.94452E-039  3.01687E-023  2.77938E-020  6.97093E-013  4.02577E-006  7.92613E-001  8.83820E-019  4.60004E-028  4.53069E-025  8.56383E-032  8.21381E-032  1.65450E-024  5.74302E-023  7.27355E-010  5.87288E-018  5.74288E-013  1.15387E-021  3.56665E-011  3.11112E-018  1.08269E-006  1.98482E-016  1.16409E-022  1.44713E-014  1.47090E-014  6.99115E-024  1.20681E-014  1.28419E-019  3.24150E-021  1.45538E-034  2.81680E-024  1.00000E-040  2.52363E-010  7.68623E-021  6.11940E-016  2.20188E-025  5.99850E-026  1.00000E-040  1.00000E-040  1.85402E-026  3.86859E-034  1.14012E-014  2.99987E-027  1.01311E-031  2.35664E-029  5.04398E-020  1.27910E-017  2.50081E-027  8.77818E-032  1.69467E-022  1.07702E-022  6.53665E-019  4.00493E-021  9.80746E-035  1.47408E-026  8.95824E-016  6.64518E-036  3.06201E-029  6.91059E-033  2.47425E-024  2.71430E-032  2.92528E-025  1.13896E-025  1.95138E-011  1.00000E-040  1.40622E-017  2.64734E-033  1.21602E-030  2.69009E-018  6.87501E-013  2.59304E-027  4.48447E-015  3.79597E-035  1.00000E-003  1.00000E-005  1.00000E-005  1.00000E-004  1.00000E-005  1.00000E-005  1.00000E-005  1.00000E-005  1.00000E-005  1.00000E-005  1.00000E-005  1.00000E-005  1.00000E-005  1.00000E-005  1.00000E-005  1.00000E-005  
9.85000E+001  4.87633E-007  1.87949E+013  1.87918E+002  1.12000E+005  1.00000E-040  1.00000E-040  1.00000E-040  1.00000E-040  1.00000E-040  1.00000E-040  1.00000E-040  1.00000E-040  1.00000E-040  1.00000E-040  1.00000E-040  1.00000E-040  1.00000E-040  1.00000E-040  1.67300E-029  1.00000E-040  5.06987E-040  5.30495E-006  1.41212E-006  2.40557E-007  3.01739E-010  5.04430E-002  1.58038E-001  2.73105E-005  1.88292E-004  1.00459E-016  5.04062E-013  6.61019E-015  3.42875E-018  3.95438E-017  4.53120E-017  3.01249E-009  5.32903E-016  1.00000E-040  1.00000E-040  1.00000E-040  1.00000E-040  1.90778E-028  1.22448E-023  1.05567E-011  2.33802E-012  1.46209E-023  2.79753E-039  2.62885E-023  4.26854E-020  8.16185E-013  5.36863E-006  7.91291E-001  4.12504E-018  4.61536E-028  6.47581E-025  1.53300E-031  9.71897E-032  1.46552E-024  5.02718E-023  6.39688E-010  4.72684E-017  4.11789E-013  1.06852E-021  3.06101E-011  1.30374E-018  8.77472E-007  1.46663E-016  7.22114E-023  8.99135E-015  1.25609E-014  2.69212E-024  6.23594E-015  1.14669E-019  3.92140E-021  1.00000E-040  1.14680E-024  1.00000E-040  2.30780E-010  5.92927E-021  4.92915E-016  1.92837E-025  4.72487E-026  1.00000E-040  1.00000E-040  1.45782E-026  1.88055E-034  8.60260E-015  4.02741E-027  1.24441E-031  1.88069E-029  6.54257E-020  1.45909E-017  2.21958E-027  8.44557E-032  1.02294E-022  9.66033E-023  1.05050E-018  1.86822E-020  1.54954E-034  1.45544E-026  8.41156E-016  3.47234E-036  2.44035E-029  5.77875E-033  2.30209E-024  6.10813E-034  2.08135E-025  4.59844E-026  4.10703E-011  1.00000E-040  1.31925E-017  8.23194E-034  8.08757E-031  2.21019E-018  7.53256E-012  1.94716E-027  3.68340E-015  3.51544E-035  1.00000E-003  1.00000E-005  1.00000E-005  1.00000E-004  1.00000E-005  1.00000E-005  1.00000E-005  1.00000E-005  1.00000E-005  1.00000E-005  1.00000E-005  1.00000E-005  1.00000E-005  1.00000E-005  1.00000E-005  1.00000E-005  
9.95000E+001  4.11956E-007  1.58279E+013  1.88514E+002  1.12000E+005  1.00000E-040  1.00000E-040  1.00000E-040  1.00000E-040  1.00000E-040  1.00000E-040  1.00000E-040  1.00000E-040  1.00000E-040  1.00000E-040  1.00000E-040  1.00000E-040  1.00000E-040  1.00000E-040  1.57165E-029  1.00000E-040  5.72355E-040  5.32381E-006  1.40767E-006  2.21722E-007  2.15200E-010  5.61222E-002  1.53599E-001  2.81489E-005  1.75461E-004  1.19478E-016  5.88955E-013  1.44071E-014  4.39178E-018  4.48919E-017  5.34483E-017  2.86993E-009  6.19864E-016  2.83103E-032  1.24213E-031  1.90459E-031  1.00000E-040  8.97034E-029  7.76685E-024  9.99684E-012  1.78546E-012  2.67780E-023  4.11899E-039  2.24674E-023  7.27689E-020  1.06158E-012  6.85534E-006  7.90060E-001  6.84472E-017  6.41066E-028  1.33860E-024  3.77434E-031  1.42386E-031  1.52713E-024  5.47670E-023  6.36247E-010  8.18814E-016  3.03517E-013  9.91219E-022  2.72192E-011  6.52471E-019  6.90118E-007  1.22542E-016  5.05746E-023  6.18105E-015  1.11444E-014  1.22993E-024  3.67960E-015  1.05763E-019  4.76366E-021  1.00000E-040  4.80784E-025  1.00000E-040  2.10229E-010  5.09037E-021  4.33052E-016  1.86985E-025  4.20058E-026  1.00000E-040  1.00000E-040  1.20080E-026  9.90826E-035  6.36335E-015  5.20945E-027  2.14273E-031  1.70375E-029  9.70885E-020  1.83216E-017  2.20627E-027  1.05552E-031  6.43420E-023  1.00004E-022  2.79958E-018  2.94422E-019  2.23734E-034  1.39379E-026  7.87741E-016  2.10586E-036  2.21010E-029  5.02719E-033  2.14681E-024  1.00000E-040  1.78739E-025  1.89114E-026  1.27816E-010  1.00000E-040  1.23494E-017  3.53423E-034  5.73263E-031  1.97739E-018  1.57517E-010  1.62785E-027  3.21330E-015  3.53905E-035  1.00000E-003  1.00000E-005  1.00000E-005  1.00000E-004  1.00000E-005  1.00000E-005  1.00000E-005  1.00000E-005  1.00000E-005  1.00000E-005  1.00000E-005  1.00000E-005  1.00000E-005  1.00000E-005  1.00000E-005  1.00000E-005  
